entry_year,extraction_period,rule_version,source_field,case_model,event_kind,status,rule_id,review_reason_set,no_amount_rows,recorded_only_rows,money_mention_rows,component_amount_rows
2006,legacy_2000_2013,2.9.1,description,civil_general,dismissal,operative,sfsc.strict_judgment_end_state.dismissal_entered,,5240,2935,0,0
2006,legacy_2000_2013,2.9.1,description,unlawful_detainer,judgment,operative,sfsc.strict_judgment_end_state.judgment_entered,,129,72,2,2
2006,legacy_2000_2013,2.9.1,description,unlawful_detainer,judgment,operative,sfsc.strict_judgment_end_state.operative_adjudged_formula,,1040,59,0,0
2006,legacy_2000_2013,2.9.1,description,small_claims,judgment,operative,sfsc.strict_judgment_end_state.judgment_entered,,892,43,2,2
2006,legacy_2000_2013,2.9.1,description,civil_general,judgment,operative,sfsc.strict_judgment_end_state.judgment_entered,,188,28,5,5
2006,legacy_2000_2013,2.9.1,description,civil_general,take_nothing,operative,sfsc.strict_judgment_end_state.take_nothing_judgment,,91,20,1,1
2006,legacy_2000_2013,2.9.1,description,unlawful_detainer,dismissal,operative,sfsc.strict_judgment_end_state.dismissal_entered,,175,20,0,0
2006,legacy_2000_2013,2.9.1,description,civil_general,dismissal,operative,sfsc.strict_judgment_end_state.direct_case_dismissed,,351,9,0,0
2006,legacy_2000_2013,2.9.1,description,small_claims,dismissal,operative,sfsc.strict_judgment_end_state.dismissal_entered,,123,9,0,0
2006,legacy_2000_2013,2.9.1,description,civil_general,dismissal,operative,sfsc.strict_judgment_end_state.observed_whole_case_dismissal,,3769,6,0,0
2006,legacy_2000_2013,2.9.1,description,unlawful_detainer,possession,operative,sfsc.strict_judgment_end_state.observed_entered_possession_judgment,,73,4,0,0
2006,legacy_2000_2013,2.9.1,description,unlawful_detainer,dismissal,operative,sfsc.strict_judgment_end_state.direct_case_dismissed,,15,4,0,0
2006,legacy_2000_2013,2.9.1,description,small_claims,dismissal,operative,sfsc.strict_judgment_end_state.recorded_case_or_matter_dismissal,,54,3,0,0
2006,legacy_2000_2013,2.9.1,description,small_claims,dismissal,operative,sfsc.strict_judgment_end_state.direct_case_dismissed,,25,3,0,0
2006,legacy_2000_2013,2.9.1,description,small_claims,dismissal,operative,sfsc.strict_judgment_end_state.observed_dismissal_filed_status,,4,3,0,0
2006,legacy_2000_2013,2.9.1,description,writ_or_mandate,judgment,operative,sfsc.strict_judgment_end_state.judgment_entered,,69,2,25,25
2006,legacy_2000_2013,2.9.1,description,civil_general,dismissal,operative,sfsc.strict_judgment_end_state.calendar_removed_dismissal_filed,,30,2,0,0
2006,legacy_2000_2013,2.9.1,description,civil_general,dismissal,operative,sfsc.strict_judgment_end_state.observed_entire_action_dismissal_filed,,15,2,0,0
2006,legacy_2000_2013,2.9.1,description,unlawful_detainer,judgment,operative,sfsc.strict_judgment_end_state.recorded_calendar_judgment_filed,,6,2,0,0
2006,legacy_2000_2013,2.9.1,description,unlawful_detainer,dismissal,operative,sfsc.strict_judgment_end_state.observed_whole_case_dismissal,,317,1,0,0
2006,legacy_2000_2013,2.9.1,description,writ_or_mandate,dismissal,operative,sfsc.strict_judgment_end_state.observed_whole_case_dismissal,,51,1,0,0
2006,legacy_2000_2013,2.9.1,description,civil_general,dismissal,operative,sfsc.strict_judgment_end_state.recorded_case_or_matter_dismissal,,18,1,0,0
2006,legacy_2000_2013,2.9.1,description,civil_general,judgment,operative,sfsc.strict_judgment_end_state.recorded_calendar_judgment_filed,,11,1,0,0
2006,legacy_2000_2013,2.9.1,description,civil_general,judgment_of_dismissal,operative,sfsc.strict_judgment_end_state.court_entered_judgment_of_dismissal,,5,1,0,0
2006,legacy_2000_2013,2.9.1,description,small_claims,take_nothing,operative,sfsc.strict_judgment_end_state.take_nothing_judgment,,3,1,0,0
2006,legacy_2000_2013,2.9.1,description,unlawful_detainer,possession,operative,sfsc.strict_judgment_end_state.possession_judgment,,3,1,0,0
2006,legacy_2000_2013,2.9.1,description,writ_or_mandate,dismissal,operative,sfsc.strict_judgment_end_state.court_dismissal_order_caption,,2,1,0,0
2006,historical_pre_2000,2.9.1,description,writ_or_mandate,judgment,operative,sfsc.strict_judgment_end_state.judgment_entered,,2,1,0,0
2006,legacy_2000_2013,2.9.1,description,writ_or_mandate,judgment,operative,sfsc.strict_judgment_end_state.judgment_entered,unclassified_money_mentions,48,0,48,26
2006,historical_pre_2000,2.9.1,description,writ_or_mandate,judgment,operative,sfsc.strict_judgment_end_state.judgment_entered,unclassified_money_mentions,13,0,13,12
2006,legacy_2000_2013,2.9.1,description,civil_general,judgment,operative,sfsc.strict_judgment_end_state.judgment_entered,unclassified_money_mentions,9,0,9,2
2006,legacy_2000_2013,2.9.1,description,small_claims,judgment,operative,sfsc.strict_judgment_end_state.judgment_entered,unclassified_money_mentions,7,0,7,0
2006,legacy_2000_2013,2.9.1,description,criminal,dismissal,operative,sfsc.strict_judgment_end_state.criminal_pc1385_portal_dismissal,unclassified_money_mentions,3,0,3,0
2006,legacy_2000_2013,2.9.1,description,unlawful_detainer,possession,operative,sfsc.strict_judgment_end_state.observed_entered_possession_judgment,unclassified_money_mentions,3,0,3,1
2006,legacy_2000_2013,2.9.1,description,small_claims,dismissal,operative,sfsc.strict_judgment_end_state.direct_case_dismissed,unclassified_money_mentions,2,0,2,0
2006,legacy_2000_2013,2.9.1,description,criminal,dismissal,operative,sfsc.strict_judgment_end_state.criminal_pc1385_portal_dismissal,,989,0,0,0
2006,legacy_2000_2013,2.9.1,description,civil_general,name_change_decree,operative,sfsc.strict_judgment_end_state.legacy_name_change_result,,674,0,0,0
2006,legacy_2000_2013,2.9.1,description,family_multi_order,dismissal,operative,sfsc.strict_judgment_end_state.observed_whole_case_dismissal,,626,0,0,0
2006,legacy_2000_2013,2.9.1,description,small_claims,dismissal,operative,sfsc.strict_judgment_end_state.calendar_removed_dismissal_filed,,411,0,0,0
2006,legacy_2000_2013,2.9.1,description,criminal,dismissal,operative,sfsc.strict_judgment_end_state.criminal_mo138572_companion_case_dismissal,,313,0,0,0
2006,legacy_2000_2013,2.9.1,description,family_multi_order,dismissal,operative,sfsc.strict_judgment_end_state.dismissal_entered,,105,0,0,0
2006,legacy_2000_2013,2.9.1,description,criminal,dismissal,operative,sfsc.strict_judgment_end_state.criminal_court_orders_cause_dismissed,,68,0,0,0
2006,legacy_2000_2013,2.9.1,description,criminal,dismissal,operative,sfsc.strict_judgment_end_state.criminal_express_motion_to_dismiss_granted,,55,0,0,0
2006,historical_pre_2000,2.9.1,description,civil_general,dismissal,operative,sfsc.strict_judgment_end_state.dismissal_entered,,48,0,0,0
2006,legacy_2000_2013,2.9.1,description,criminal,dismissal,operative,sfsc.strict_judgment_end_state.criminal_motion_to_dismiss_granted,,47,0,0,0
2006,historical_pre_2000,2.9.1,description,family_multi_order,dismissal,operative,sfsc.strict_judgment_end_state.dismissal_entered,,36,0,0,0
2006,legacy_2000_2013,2.9.1,description,criminal,dismissal,operative,sfsc.strict_judgment_end_state.criminal_dismissal_after_guilty_plea_set_aside,,34,0,0,0
2006,legacy_2000_2013,2.9.1,description,writ_or_mandate,dismissal,operative,sfsc.strict_judgment_end_state.dismissal_entered,,30,0,0,0
2006,legacy_2000_2013,2.9.1,description,family_multi_order,judgment,operative,sfsc.strict_judgment_end_state.judgment_entered,,28,0,0,0
2006,legacy_2000_2013,2.9.1,description,civil_general,dismissal,operative,sfsc.strict_judgment_end_state.court_dismissal_order_caption,,27,0,0,0
2006,unknown_period,2.9.1,description,criminal,dismissal,operative,sfsc.strict_judgment_end_state.criminal_pc1385_portal_dismissal,,27,0,0,0
2006,legacy_2000_2013,2.9.1,description,civil_general,name_change_decree,operative,sfsc.strict_judgment_end_state.name_change_decree_entered,,26,0,0,0
2006,legacy_2000_2013,2.9.1,description,civil_general,name_change_decree,operative,sfsc.strict_judgment_end_state.observed_name_change_order_decree,,25,0,0,0
2006,legacy_2000_2013,2.9.1,description,criminal,dismissal,operative,sfsc.strict_judgment_end_state.recorded_case_or_matter_dismissal,,23,0,0,0
2006,historical_pre_2000,2.9.1,description,criminal,dismissal,operative,sfsc.strict_judgment_end_state.criminal_pc1385_portal_dismissal,,22,0,0,0
2006,legacy_2000_2013,2.9.1,docketEntryComment,criminal,dismissal,operative,sfsc.strict_judgment_end_state.criminal_express_motion_to_dismiss_granted,,22,0,0,0
2006,legacy_2000_2013,2.9.1,description,criminal,dismissal,operative,sfsc.strict_judgment_end_state.direct_case_dismissed,,15,0,0,0
2006,legacy_2000_2013,2.9.1,docketEntryComment,criminal,dismissal,operative,sfsc.strict_judgment_end_state.criminal_dismissal_after_guilty_plea_set_aside,,13,0,0,0
2006,legacy_2000_2013,2.9.1,description,probate,dismissal,operative,sfsc.strict_judgment_end_state.probate_creditor_claim_dismissed,,13,0,0,0
2006,historical_pre_2000,2.9.1,description,family_multi_order,dismissal,operative,sfsc.strict_judgment_end_state.observed_whole_case_dismissal,,12,0,0,0
2006,legacy_2000_2013,2.9.1,description,criminal,dismissal,operative,sfsc.strict_judgment_end_state.criminal_observed_dismissal_result,,12,0,0,0
2006,legacy_2000_2013,2.9.1,docketEntryComment,criminal,dismissal,operative,sfsc.strict_judgment_end_state.criminal_pc1385_portal_dismissal,,11,0,0,0
2006,legacy_2000_2013,2.9.1,description,civil_general,name_change_decree,operative,sfsc.strict_judgment_end_state.observed_name_change_osc_granted,,9,0,0,0
2006,legacy_2000_2013,2.9.1,description,civil_general,name_change_decree,operative,sfsc.strict_judgment_end_state.observed_name_change_decree_variants,,9,0,0,0
2006,legacy_2000_2013,2.9.1,description,writ_or_mandate,take_nothing,operative,sfsc.strict_judgment_end_state.take_nothing_judgment,,7,0,0,0
2006,unknown_period,2.9.1,description,criminal,dismissal,operative,sfsc.strict_judgment_end_state.criminal_mo138572_companion_case_dismissal,,6,0,0,0
2006,historical_pre_2000,2.9.1,description,criminal,dismissal,operative,sfsc.strict_judgment_end_state.criminal_court_orders_cause_dismissed,,6,0,0,0
2006,legacy_2000_2013,2.9.1,description,criminal,dismissal,operative,sfsc.strict_judgment_end_state.dismissal_entered,,5,0,0,0
2006,legacy_2000_2013,2.9.1,description,family_multi_order,dismissal,operative,sfsc.strict_judgment_end_state.observed_entire_action_dismissal_filed,,4,0,0,0
2006,historical_pre_2000,2.9.1,description,criminal,dismissal,operative,sfsc.strict_judgment_end_state.criminal_motion_to_dismiss_granted,,4,0,0,0
2006,legacy_2000_2013,2.9.1,description,civil_general,dismissal,operative,sfsc.strict_judgment_end_state.observed_order_dismissing_action,,3,0,0,0
2006,legacy_2000_2013,2.9.1,docketEntryComment,criminal,dismissal,operative,sfsc.strict_judgment_end_state.criminal_court_orders_cause_dismissed,,3,0,0,0
2006,legacy_2000_2013,2.9.1,description,probate,dismissal,operative,sfsc.strict_judgment_end_state.recorded_case_or_matter_dismissal,,3,0,0,0
2006,historical_pre_2000,2.9.1,description,civil_general,judgment,operative,sfsc.strict_judgment_end_state.judgment_entered,,3,0,0,0
2006,historical_pre_2000,2.9.1,description,civil_general,dismissal,operative,sfsc.strict_judgment_end_state.observed_whole_case_dismissal,,3,0,0,0
2006,legacy_2000_2013,2.9.1,description,probate,judgment,operative,sfsc.strict_judgment_end_state.judgment_entered,,3,0,0,0
2006,legacy_2000_2013,2.9.1,description,family_multi_order,judgment,operative,sfsc.strict_judgment_end_state.recorded_calendar_judgment_filed,,3,0,0,0
2006,legacy_2000_2013,2.9.1,description,unlawful_detainer,take_nothing,operative,sfsc.strict_judgment_end_state.take_nothing_judgment,,3,0,0,0
2006,legacy_2000_2013,2.9.1,docketEntryComment,criminal,dismissal,operative,sfsc.strict_judgment_end_state.criminal_observed_dismissal_result,,3,0,0,0
2006,unknown_period,2.9.1,description,criminal,dismissal,operative,sfsc.strict_judgment_end_state.criminal_motion_to_dismiss_granted,,3,0,0,0
2006,legacy_2000_2013,2.9.1,description,criminal,dismissal,operative,sfsc.strict_judgment_end_state.criminal_pc_991_motion_granted_count,,2,0,0,0
2006,historical_pre_2000,2.9.1,description,civil_general,name_change_decree,operative,sfsc.strict_judgment_end_state.legacy_name_change_result,,2,0,0,0
2006,historical_pre_2000,2.9.1,description,civil_general,dismissal,operative,sfsc.strict_judgment_end_state.direct_case_dismissed,,2,0,0,0
2006,legacy_2000_2013,2.9.1,description,civil_general,dismissal,operative,sfsc.strict_judgment_end_state.audited_prefixed_stipulated_dismissal_order,,2,0,0,0
2006,legacy_2000_2013,2.9.1,description,unlawful_detainer,dismissal,operative,sfsc.strict_judgment_end_state.calendar_removed_dismissal_filed,,2,0,0,0
2006,historical_pre_2000,2.9.1,description,probate,dismissal,operative,sfsc.strict_judgment_end_state.dismissal_entered,,2,0,0,0
2006,legacy_2000_2013,2.9.1,docketEntryComment,criminal,dismissal,operative,sfsc.strict_judgment_end_state.recorded_case_or_matter_dismissal,,2,0,0,0
2006,legacy_2000_2013,2.9.1,docketEntryComment,criminal,dismissal,operative,sfsc.strict_judgment_end_state.criminal_motion_to_dismiss_granted,,2,0,0,0
2006,legacy_2000_2013,2.9.1,description,probate,dismissal,operative,sfsc.strict_judgment_end_state.direct_case_dismissed,,2,0,0,0
2006,legacy_2000_2013,2.9.1,docketEntryComment,criminal,dismissal,operative,sfsc.strict_judgment_end_state.direct_case_dismissed,,2,0,0,0
2011,legacy_2000_2013,2.9.1,description,civil_general,dismissal,operative,sfsc.strict_judgment_end_state.dismissal_entered,,3395,1714,0,0
2011,legacy_2000_2013,2.9.1,description,small_claims,dismissal,operative,sfsc.strict_judgment_end_state.direct_case_dismissed,,688,91,0,0
2011,legacy_2000_2013,2.9.1,description,unlawful_detainer,judgment,operative,sfsc.strict_judgment_end_state.judgment_entered,,103,55,0,0
2011,legacy_2000_2013,2.9.1,description,civil_general,judgment,operative,sfsc.strict_judgment_end_state.judgment_entered,,147,39,7,7
2011,legacy_2000_2013,2.9.1,description,small_claims,judgment,operative,sfsc.strict_judgment_end_state.judgment_entered,,544,30,0,0
2011,legacy_2000_2013,2.9.1,description,unlawful_detainer,judgment,operative,sfsc.strict_judgment_end_state.operative_adjudged_formula,,916,17,0,0
2011,legacy_2000_2013,2.9.1,description,civil_general,dismissal,operative,sfsc.strict_judgment_end_state.direct_case_dismissed,,490,12,1,1
2011,legacy_2000_2013,2.9.1,description,small_claims,dismissal,operative,sfsc.strict_judgment_end_state.dismissal_entered,,58,12,0,0
2011,legacy_2000_2013,2.9.1,description,unlawful_detainer,dismissal,operative,sfsc.strict_judgment_end_state.dismissal_entered,,185,10,0,0
2011,legacy_2000_2013,2.9.1,description,civil_general,dismissal,operative,sfsc.strict_judgment_end_state.court_dismissal_order_caption,,26,5,0,0
2011,legacy_2000_2013,2.9.1,description,writ_or_mandate,judgment,operative,sfsc.strict_judgment_end_state.judgment_entered,,83,4,39,39
2011,legacy_2000_2013,2.9.1,description,civil_general,dismissal,operative,sfsc.strict_judgment_end_state.observed_whole_case_dismissal,,4942,4,0,0
2011,legacy_2000_2013,2.9.1,description,civil_general,take_nothing,operative,sfsc.strict_judgment_end_state.take_nothing_judgment,,86,3,1,1
2011,legacy_2000_2013,2.9.1,description,civil_general,dismissal,operative,sfsc.strict_judgment_end_state.recorded_case_or_matter_dismissal,,35,3,0,0
2011,legacy_2000_2013,2.9.1,description,unlawful_detainer,possession,operative,sfsc.strict_judgment_end_state.possession_judgment,,7,3,0,0
2011,legacy_2000_2013,2.9.1,description,unlawful_detainer,possession,operative,sfsc.strict_judgment_end_state.observed_entered_possession_judgment,,109,2,1,1
2011,legacy_2000_2013,2.9.1,description,unlawful_detainer,dismissal,operative,sfsc.strict_judgment_end_state.direct_case_dismissed,,26,2,0,0
2011,historical_pre_2000,2.9.1,description,civil_general,dismissal,operative,sfsc.strict_judgment_end_state.dismissal_entered,,14,1,0,0
2011,legacy_2000_2013,2.9.1,description,small_claims,dismissal,operative,sfsc.strict_judgment_end_state.recorded_case_or_matter_dismissal,,9,1,0,0
2011,legacy_2000_2013,2.9.1,description,civil_general,dismissal,operative,sfsc.strict_judgment_end_state.observed_entire_action_dismissal_filed,,4,1,0,0
2011,legacy_2000_2013,2.9.1,description,unlawful_detainer,take_nothing,operative,sfsc.strict_judgment_end_state.take_nothing_judgment,,3,1,0,0
2011,legacy_2000_2013,2.9.1,description,civil_general,amended_judgment,superseding,sfsc.strict_judgment_end_state.observed_amended_or_revised_judgment,,3,1,0,0
2011,legacy_2000_2013,2.9.1,description,writ_or_mandate,judgment,operative,sfsc.strict_judgment_end_state.judgment_entered,unclassified_money_mentions,77,0,77,46
2011,legacy_2000_2013,2.9.1,description,criminal,dismissal,operative,sfsc.strict_judgment_end_state.criminal_mo138572_companion_case_dismissal,unclassified_money_mentions,3,0,3,0
2011,legacy_2000_2013,2.9.1,description,criminal,dismissal,operative,sfsc.strict_judgment_end_state.criminal_pc1385_portal_dismissal,unclassified_money_mentions,3,0,3,0
2011,legacy_2000_2013,2.9.1,description,probate,dismissal,operative,sfsc.strict_judgment_end_state.probate_creditor_claim_dismissed,unclassified_money_mentions,3,0,3,0
2011,legacy_2000_2013,2.9.1,description,small_claims,judgment,operative,sfsc.strict_judgment_end_state.judgment_entered,unclassified_money_mentions,2,0,2,0
2011,legacy_2000_2013,2.9.1,description,civil_general,judgment,operative,sfsc.strict_judgment_end_state.judgment_entered,unclassified_money_mentions,2,0,2,0
2011,legacy_2000_2013,2.9.1,description,unlawful_detainer,judgment,operative,sfsc.strict_judgment_end_state.judgment_entered,unclassified_money_mentions,2,0,2,0
2011,legacy_2000_2013,2.9.1,description,small_claims,dismissal,operative,sfsc.strict_judgment_end_state.court_orders_dismissal,,299,0,1,1
2011,legacy_2000_2013,2.9.1,description,writ_or_mandate,take_nothing,operative,sfsc.strict_judgment_end_state.take_nothing_judgment,,6,0,1,0
2011,legacy_2000_2013,2.9.1,description,criminal,dismissal,operative,sfsc.strict_judgment_end_state.criminal_pc1385_portal_dismissal,,794,0,0,0
2011,legacy_2000_2013,2.9.1,description,civil_general,name_change_decree,operative,sfsc.strict_judgment_end_state.legacy_name_change_result,,696,0,0,0
2011,legacy_2000_2013,2.9.1,description,family_multi_order,dismissal,operative,sfsc.strict_judgment_end_state.observed_whole_case_dismissal,,493,0,0,0
2011,legacy_2000_2013,2.9.1,description,unlawful_detainer,dismissal,operative,sfsc.strict_judgment_end_state.observed_whole_case_dismissal,,392,0,0,0
2011,legacy_2000_2013,2.9.1,description,criminal,dismissal,operative,sfsc.strict_judgment_end_state.criminal_mo138572_companion_case_dismissal,,379,0,0,0
2011,legacy_2000_2013,2.9.1,description,small_claims,dismissal,operative,sfsc.strict_judgment_end_state.calendar_removed_dismissal_filed,,376,0,0,0
2011,legacy_2000_2013,2.9.1,description,civil_general,name_change_decree,operative,sfsc.strict_judgment_end_state.name_change_decree_entered,,160,0,0,0
2011,legacy_2000_2013,2.9.1,description,criminal,dismissal,operative,sfsc.strict_judgment_end_state.criminal_bw_recalled_case_dismissed,,131,0,0,0
2011,legacy_2000_2013,2.9.1,description,small_claims,dismissal,operative,sfsc.strict_judgment_end_state.direct_dismissal_result,,127,0,0,0
2011,legacy_2000_2013,2.9.1,description,criminal,dismissal,operative,sfsc.strict_judgment_end_state.direct_case_dismissed,,65,0,0,0
2011,legacy_2000_2013,2.9.1,description,criminal,dismissal,operative,sfsc.strict_judgment_end_state.criminal_court_orders_cause_dismissed,,53,0,0,0
2011,legacy_2000_2013,2.9.1,description,family_multi_order,dismissal,operative,sfsc.strict_judgment_end_state.dismissal_entered,,50,0,0,0
2011,legacy_2000_2013,2.9.1,description,criminal,dismissal,operative,sfsc.strict_judgment_end_state.recorded_case_or_matter_dismissal,,46,0,0,0
2011,legacy_2000_2013,2.9.1,description,criminal,dismissal,operative,sfsc.strict_judgment_end_state.criminal_observed_dismissal_result,,44,0,0,0
2011,legacy_2000_2013,2.9.1,description,criminal,dismissal,operative,sfsc.strict_judgment_end_state.criminal_express_motion_to_dismiss_granted,,43,0,0,0
2011,legacy_2000_2013,2.9.1,description,writ_or_mandate,dismissal,operative,sfsc.strict_judgment_end_state.dismissal_entered,,34,0,0,0
2011,legacy_2000_2013,2.9.1,description,family_multi_order,judgment,operative,sfsc.strict_judgment_end_state.judgment_entered,,29,0,0,0
2011,legacy_2000_2013,2.9.1,description,writ_or_mandate,dismissal,operative,sfsc.strict_judgment_end_state.observed_whole_case_dismissal,,29,0,0,0
2011,legacy_2000_2013,2.9.1,description,criminal,dismissal,operative,sfsc.strict_judgment_end_state.criminal_motion_to_dismiss_granted,,20,0,0,0
2011,legacy_2000_2013,2.9.1,docketEntryComment,criminal,dismissal,operative,sfsc.strict_judgment_end_state.criminal_dismissal_after_diversion,,15,0,0,0
2011,legacy_2000_2013,2.9.1,description,criminal,dismissal,operative,sfsc.strict_judgment_end_state.criminal_dismissal_after_guilty_plea_set_aside,,15,0,0,0
2011,legacy_2000_2013,2.9.1,docketEntryComment,criminal,dismissal,operative,sfsc.strict_judgment_end_state.criminal_pc1385_portal_dismissal,,13,0,0,0
2011,historical_pre_2000,2.9.1,description,family_multi_order,dismissal,operative,sfsc.strict_judgment_end_state.dismissal_entered,,13,0,0,0
2011,legacy_2000_2013,2.9.1,docketEntryComment,criminal,dismissal,operative,sfsc.strict_judgment_end_state.criminal_express_motion_to_dismiss_granted,,12,0,0,0
2011,legacy_2000_2013,2.9.1,description,criminal,dismissal,operative,sfsc.strict_judgment_end_state.criminal_dismissal_after_diversion,,11,0,0,0
2011,historical_pre_2000,2.9.1,description,criminal,dismissal,operative,sfsc.strict_judgment_end_state.criminal_pc1385_portal_dismissal,,10,0,0,0
2011,unknown_period,2.9.1,description,criminal,dismissal,operative,sfsc.strict_judgment_end_state.criminal_pc1385_portal_dismissal,,9,0,0,0
2011,legacy_2000_2013,2.9.1,description,civil_general,dismissal,operative,sfsc.strict_judgment_end_state.calendar_removed_dismissal_filed,,9,0,0,0
2011,legacy_2000_2013,2.9.1,description,criminal,dismissal,operative,sfsc.strict_judgment_end_state.criminal_ctord_case_dismissed,,7,0,0,0
2011,legacy_2000_2013,2.9.1,description,unlawful_detainer,judgment,operative,sfsc.strict_judgment_end_state.recorded_calendar_judgment_filed,,7,0,0,0
2011,legacy_2000_2013,2.9.1,description,probate,dismissal,operative,sfsc.strict_judgment_end_state.probate_creditor_claim_dismissed,,5,0,0,0
2011,legacy_2000_2013,2.9.1,docketEntryComment,criminal,dismissal,operative,sfsc.strict_judgment_end_state.criminal_dismissal_after_guilty_plea_set_aside,,5,0,0,0
2011,unknown_period,2.9.1,description,criminal,dismissal,operative,sfsc.strict_judgment_end_state.criminal_bw_recalled_case_dismissed,,5,0,0,0
2011,legacy_2000_2013,2.9.1,description,civil_general,judgment_of_dismissal,operative,sfsc.strict_judgment_end_state.court_entered_judgment_of_dismissal,,4,0,0,0
2011,legacy_2000_2013,2.9.1,description,unlawful_detainer,dismissal,operative,sfsc.strict_judgment_end_state.recorded_calendar_dismissal,,4,0,0,0
2011,legacy_2000_2013,2.9.1,docketEntryComment,criminal,dismissal,operative,sfsc.strict_judgment_end_state.criminal_court_orders_cause_dismissed,,4,0,0,0
2011,legacy_2000_2013,2.9.1,docketEntryComment,criminal,dismissal,operative,sfsc.strict_judgment_end_state.direct_case_dismissed,,4,0,0,0
2011,legacy_2000_2013,2.9.1,docketEntryComment,criminal,dismissal,operative,sfsc.strict_judgment_end_state.criminal_motion_to_dismiss_granted,,4,0,0,0
2011,historical_pre_2000,2.9.1,description,family_multi_order,dismissal,operative,sfsc.strict_judgment_end_state.observed_whole_case_dismissal,,4,0,0,0
2011,legacy_2000_2013,2.9.1,docketEntryComment,criminal,dismissal,operative,sfsc.strict_judgment_end_state.criminal_mo138572_companion_case_dismissal,,4,0,0,0
2011,unknown_period,2.9.1,description,criminal,dismissal,operative,sfsc.strict_judgment_end_state.criminal_mo138572_companion_case_dismissal,,3,0,0,0
2011,historical_pre_2000,2.9.1,description,civil_general,name_change_decree,operative,sfsc.strict_judgment_end_state.name_change_decree_entered,,3,0,0,0
2011,legacy_2000_2013,2.9.1,docketEntryComment,criminal,dismissal,operative,sfsc.strict_judgment_end_state.recorded_case_or_matter_dismissal,,3,0,0,0
2011,unknown_period,2.9.1,description,criminal,dismissal,operative,sfsc.strict_judgment_end_state.direct_case_dismissed,,2,0,0,0
2011,legacy_2000_2013,2.9.1,description,family_multi_order,dismissal,operative,sfsc.strict_judgment_end_state.court_dismissal_order_caption,,2,0,0,0
2011,legacy_2000_2013,2.9.1,description,family_multi_order,dismissal,operative,sfsc.strict_judgment_end_state.recorded_case_or_matter_dismissal,,2,0,0,0
2011,historical_pre_2000,2.9.1,description,criminal,dismissal,operative,sfsc.strict_judgment_end_state.direct_case_dismissed,,2,0,0,0
2011,historical_pre_2000,2.9.1,description,criminal,dismissal,operative,sfsc.strict_judgment_end_state.criminal_mo138572_companion_case_dismissal,,2,0,0,0
2011,legacy_2000_2013,2.9.1,description,small_claims,dismissal,operative,sfsc.strict_judgment_end_state.observed_whole_case_dismissal,,2,0,0,0
2011,legacy_2000_2013,2.9.1,description,probate,dismissal,operative,sfsc.strict_judgment_end_state.observed_whole_case_dismissal,,2,0,0,0
2011,legacy_2000_2013,2.9.1,description,family_domestic_violence,dismissal,operative,sfsc.strict_judgment_end_state.observed_whole_case_dismissal,,2,0,0,0
2011,legacy_2000_2013,2.9.1,description,writ_or_mandate,judgment_of_dismissal,operative,sfsc.strict_judgment_end_state.court_entered_judgment_of_dismissal,,2,0,0,0
2011,legacy_2000_2013,2.9.1,description,civil_general,dismissal,operative,sfsc.strict_judgment_end_state.observed_order_dismissing_action,,2,0,0,0
2011,legacy_2000_2013,2.9.1,description,civil_general,dismissal,operative,sfsc.strict_judgment_end_state.reviewed_grammar_direct_order_of_dismissal,,2,0,0,0
2011,legacy_2000_2013,2.9.1,description,criminal,dismissal,operative,sfsc.strict_judgment_end_state.dismissal_entered,,2,0,0,0
2011,legacy_2000_2013,2.9.1,description,civil_general,dismissal,operative,sfsc.strict_judgment_end_state.recorded_calendar_dismissal,,2,0,0,0
