event_year,case_model,extraction_period,source_field,amount_format_cohort,event_count
1988,civil_general,historical_pre_2000,description,no_amount_signal,4988
1988,small_claims,historical_pre_2000,description,no_amount_signal,338
1988,family_multi_order,historical_pre_2000,description,no_amount_signal,275
1988,writ_or_mandate,historical_pre_2000,description,no_amount_signal,222
1988,probate,historical_pre_2000,description,no_amount_signal,35
1988,unlawful_detainer,historical_pre_2000,description,no_amount_signal,30
1988,criminal,historical_pre_2000,description,no_amount_signal,10
1988,family_domestic_violence,historical_pre_2000,description,no_amount_signal,9
1988,civil_general,historical_pre_2000,description,recognized_money_but_no_total,3
1988,family_multi_order,historical_pre_2000,description,recognized_money_but_no_total,1
1988,probate,historical_pre_2000,description,recognized_money_but_no_total,1
1989,civil_general,historical_pre_2000,description,no_amount_signal,5411
1989,small_claims,historical_pre_2000,description,no_amount_signal,339
1989,family_multi_order,historical_pre_2000,description,no_amount_signal,311
1989,writ_or_mandate,historical_pre_2000,description,no_amount_signal,114
1989,appellate_review,historical_pre_2000,description,no_amount_signal,41
1989,criminal,historical_pre_2000,description,no_amount_signal,27
1989,probate,historical_pre_2000,description,no_amount_signal,19
1989,family_domestic_violence,historical_pre_2000,description,no_amount_signal,9
1989,civil_general,historical_pre_2000,description,recognized_money_but_no_total,7
1989,unlawful_detainer,historical_pre_2000,description,no_amount_signal,2
1989,appellate_review,historical_pre_2000,description,recognized_money_but_no_total,1
1989,criminal,historical_pre_2000,description,recognized_money_but_no_total,1
1990,civil_general,historical_pre_2000,description,no_amount_signal,5455
1990,family_multi_order,historical_pre_2000,description,no_amount_signal,748
1990,small_claims,historical_pre_2000,description,no_amount_signal,491
1990,writ_or_mandate,historical_pre_2000,description,no_amount_signal,135
1990,criminal,historical_pre_2000,description,no_amount_signal,35
1990,probate,historical_pre_2000,description,no_amount_signal,33
1990,civil_general,historical_pre_2000,description,recognized_money_but_no_total,13
1990,appellate_review,historical_pre_2000,description,no_amount_signal,8
1990,family_domestic_violence,historical_pre_2000,description,no_amount_signal,6
1990,unlawful_detainer,historical_pre_2000,description,no_amount_signal,3
1990,civil_general,historical_pre_2000,description,explicit_currency_not_recognized,1
1990,family_multi_order,historical_pre_2000,description,recognized_money_but_no_total,1
1990,small_claims,historical_pre_2000,description,recognized_money_but_no_total,1
1991,civil_general,historical_pre_2000,description,no_amount_signal,5350
1991,small_claims,historical_pre_2000,description,no_amount_signal,3837
1991,family_multi_order,historical_pre_2000,description,no_amount_signal,833
1991,writ_or_mandate,historical_pre_2000,description,no_amount_signal,162
1991,criminal,historical_pre_2000,description,no_amount_signal,44
1991,probate,historical_pre_2000,description,no_amount_signal,26
1991,family_domestic_violence,historical_pre_2000,description,no_amount_signal,22
1991,appellate_review,historical_pre_2000,description,no_amount_signal,11
1991,family_multi_order,historical_pre_2000,description,recognized_money_but_no_total,9
1991,small_claims,historical_pre_2000,description,recognized_money_but_no_total,6
1991,civil_general,historical_pre_2000,description,recognized_money_but_no_total,4
1991,unlawful_detainer,historical_pre_2000,description,no_amount_signal,2
1991,criminal,historical_pre_2000,description,recognized_money_but_no_total,1
1991,family_multi_order,legacy_2000_2013,description,no_amount_signal,1
1991,unknown,unknown_period,description,no_amount_signal,1
1992,civil_general,historical_pre_2000,description,no_amount_signal,6967
1992,small_claims,historical_pre_2000,description,no_amount_signal,4126
1992,family_multi_order,historical_pre_2000,description,no_amount_signal,1006
1992,unlawful_detainer,historical_pre_2000,description,no_amount_signal,210
1992,writ_or_mandate,historical_pre_2000,description,no_amount_signal,188
1992,criminal,historical_pre_2000,description,no_amount_signal,57
1992,probate,historical_pre_2000,description,no_amount_signal,27
1992,family_domestic_violence,historical_pre_2000,description,no_amount_signal,17
1992,small_claims,historical_pre_2000,description,recognized_money_but_no_total,15
1992,family_multi_order,historical_pre_2000,description,recognized_money_but_no_total,12
1992,appellate_review,historical_pre_2000,description,no_amount_signal,10
1992,civil_general,historical_pre_2000,description,recognized_money_but_no_total,4
1992,civil_general,legacy_2000_2013,description,no_amount_signal,2
1992,small_claims,legacy_2000_2013,description,no_amount_signal,2
1992,writ_or_mandate,legacy_2000_2013,description,no_amount_signal,2
1992,unknown,historical_pre_2000,description,no_amount_signal,1
1993,civil_general,historical_pre_2000,description,no_amount_signal,10806
1993,small_claims,historical_pre_2000,description,no_amount_signal,4011
1993,unlawful_detainer,historical_pre_2000,description,no_amount_signal,2859
1993,family_multi_order,historical_pre_2000,description,no_amount_signal,1604
1993,criminal,historical_pre_2000,description,no_amount_signal,1039
1993,writ_or_mandate,historical_pre_2000,description,no_amount_signal,177
1993,unlawful_detainer,historical_pre_2000,description,recognized_money_but_no_total,82
1993,criminal,historical_pre_2000,description,recognized_money_but_no_total,48
1993,probate,historical_pre_2000,description,no_amount_signal,42
1993,civil_general,historical_pre_2000,description,recognized_money_but_no_total,30
1993,small_claims,historical_pre_2000,description,recognized_money_but_no_total,19
1993,family_domestic_violence,historical_pre_2000,description,no_amount_signal,15
1993,family_multi_order,historical_pre_2000,description,recognized_money_but_no_total,7
1993,appellate_review,historical_pre_2000,description,no_amount_signal,5
1993,criminal,historical_pre_2000,docketEntryComment,no_amount_signal,4
1993,civil_general,legacy_2000_2013,description,no_amount_signal,3
1993,criminal,unknown_period,description,no_amount_signal,1
1993,unknown,historical_pre_2000,description,no_amount_signal,1
1994,civil_general,historical_pre_2000,description,no_amount_signal,10211
1994,small_claims,historical_pre_2000,description,no_amount_signal,3799
1994,unlawful_detainer,historical_pre_2000,description,no_amount_signal,3086
1994,criminal,historical_pre_2000,description,no_amount_signal,1213
1994,family_multi_order,historical_pre_2000,description,no_amount_signal,1184
1994,writ_or_mandate,historical_pre_2000,description,no_amount_signal,161
1994,civil_general,historical_pre_2000,description,recognized_money_but_no_total,102
1994,unlawful_detainer,historical_pre_2000,description,recognized_money_but_no_total,101
1994,probate,historical_pre_2000,description,no_amount_signal,42
1994,small_claims,historical_pre_2000,description,recognized_money_but_no_total,38
1994,criminal,historical_pre_2000,description,recognized_money_but_no_total,24
1994,family_domestic_violence,historical_pre_2000,description,no_amount_signal,14
1994,family_multi_order,historical_pre_2000,description,recognized_money_but_no_total,12
1994,appellate_review,historical_pre_2000,description,no_amount_signal,8
1994,criminal,historical_pre_2000,docketEntryComment,no_amount_signal,2
1994,criminal,unknown_period,description,no_amount_signal,2
1994,unknown,unknown_period,description,no_amount_signal,1
1994,writ_or_mandate,historical_pre_2000,description,recognized_money_but_no_total,1
1995,civil_general,historical_pre_2000,description,no_amount_signal,9626
1995,small_claims,historical_pre_2000,description,no_amount_signal,3408
1995,unlawful_detainer,historical_pre_2000,description,no_amount_signal,3309
1995,family_multi_order,historical_pre_2000,description,no_amount_signal,1473
1995,criminal,historical_pre_2000,description,no_amount_signal,1221
1995,writ_or_mandate,historical_pre_2000,description,no_amount_signal,137
1995,unlawful_detainer,historical_pre_2000,description,recognized_money_but_no_total,124
1995,civil_general,historical_pre_2000,description,recognized_money_but_no_total,67
1995,criminal,historical_pre_2000,description,recognized_money_but_no_total,45
1995,probate,historical_pre_2000,description,no_amount_signal,24
1995,family_domestic_violence,historical_pre_2000,description,no_amount_signal,16
1995,appellate_review,historical_pre_2000,description,no_amount_signal,9
1995,family_multi_order,historical_pre_2000,description,recognized_money_but_no_total,8
1995,criminal,historical_pre_2000,docketEntryComment,no_amount_signal,7
1995,small_claims,historical_pre_2000,description,recognized_money_but_no_total,7
1995,unknown,unknown_period,description,no_amount_signal,2
1995,criminal,historical_pre_2000,description,explicit_currency_not_recognized,1
1995,criminal,historical_pre_2000,docketEntryComment,recognized_money_but_no_total,1
1995,criminal,unknown_period,description,no_amount_signal,1
1995,writ_or_mandate,historical_pre_2000,description,recognized_money_but_no_total,1
1995,writ_or_mandate,legacy_2000_2013,description,no_amount_signal,1
1996,civil_general,historical_pre_2000,description,no_amount_signal,9555
1996,unlawful_detainer,historical_pre_2000,description,no_amount_signal,4078
1996,small_claims,historical_pre_2000,description,no_amount_signal,3520
1996,criminal,historical_pre_2000,description,no_amount_signal,1727
1996,family_multi_order,historical_pre_2000,description,no_amount_signal,1411
1996,writ_or_mandate,historical_pre_2000,description,no_amount_signal,144
1996,civil_general,historical_pre_2000,description,recognized_money_but_no_total,94
1996,unlawful_detainer,historical_pre_2000,description,recognized_money_but_no_total,75
1996,criminal,historical_pre_2000,description,recognized_money_but_no_total,64
1996,probate,historical_pre_2000,description,no_amount_signal,31
1996,small_claims,historical_pre_2000,description,recognized_money_but_no_total,15
1996,criminal,historical_pre_2000,docketEntryComment,no_amount_signal,10
1996,family_domestic_violence,historical_pre_2000,description,no_amount_signal,8
1996,appellate_review,historical_pre_2000,description,no_amount_signal,5
1996,criminal,historical_pre_2000,description,explicit_currency_not_recognized,3
1996,civil_general,legacy_2000_2013,description,no_amount_signal,2
1996,unknown,unknown_period,description,no_amount_signal,2
1996,family_multi_order,historical_pre_2000,description,recognized_money_but_no_total,1
1996,unknown,historical_pre_2000,description,no_amount_signal,1
1996,writ_or_mandate,historical_pre_2000,description,recognized_money_but_no_total,1
1997,civil_general,historical_pre_2000,description,no_amount_signal,9066
1997,unlawful_detainer,historical_pre_2000,description,no_amount_signal,3434
1997,small_claims,historical_pre_2000,description,no_amount_signal,3265
1997,criminal,historical_pre_2000,description,no_amount_signal,2234
1997,family_multi_order,historical_pre_2000,description,no_amount_signal,1297
1997,writ_or_mandate,historical_pre_2000,description,no_amount_signal,113
1997,criminal,historical_pre_2000,description,recognized_money_but_no_total,96
1997,unlawful_detainer,historical_pre_2000,description,recognized_money_but_no_total,90
1997,civil_general,historical_pre_2000,description,recognized_money_but_no_total,56
1997,probate,historical_pre_2000,description,no_amount_signal,35
1997,criminal,historical_pre_2000,docketEntryComment,no_amount_signal,24
1997,appellate_review,historical_pre_2000,description,no_amount_signal,17
1997,small_claims,historical_pre_2000,description,recognized_money_but_no_total,9
1997,criminal,unknown_period,description,no_amount_signal,8
1997,criminal,historical_pre_2000,description,explicit_currency_not_recognized,5
1997,criminal,historical_pre_2000,docketEntryComment,recognized_money_but_no_total,4
1997,family_domestic_violence,historical_pre_2000,description,no_amount_signal,4
1997,family_multi_order,historical_pre_2000,description,recognized_money_but_no_total,2
1997,civil_general,legacy_2000_2013,description,no_amount_signal,1
1998,civil_general,historical_pre_2000,description,no_amount_signal,9500
1998,small_claims,historical_pre_2000,description,no_amount_signal,3030
1998,unlawful_detainer,historical_pre_2000,description,no_amount_signal,2942
1998,criminal,historical_pre_2000,description,no_amount_signal,2844
1998,family_multi_order,historical_pre_2000,description,no_amount_signal,402
1998,criminal,historical_pre_2000,description,recognized_money_but_no_total,210
1998,writ_or_mandate,historical_pre_2000,description,no_amount_signal,146
1998,unlawful_detainer,historical_pre_2000,description,recognized_money_but_no_total,49
1998,probate,historical_pre_2000,description,no_amount_signal,32
1998,civil_general,historical_pre_2000,description,recognized_money_but_no_total,31
1998,appellate_review,historical_pre_2000,description,no_amount_signal,17
1998,criminal,unknown_period,description,no_amount_signal,12
1998,family_domestic_violence,historical_pre_2000,description,no_amount_signal,8
1998,small_claims,historical_pre_2000,description,recognized_money_but_no_total,8
1998,criminal,historical_pre_2000,docketEntryComment,no_amount_signal,4
1998,family_multi_order,historical_pre_2000,description,recognized_money_but_no_total,3
1998,civil_general,legacy_2000_2013,description,no_amount_signal,2
1998,criminal,historical_pre_2000,description,explicit_currency_not_recognized,2
1998,criminal,legacy_2000_2013,description,no_amount_signal,1
1998,unknown,unknown_period,description,no_amount_signal,1
1999,civil_general,historical_pre_2000,description,no_amount_signal,9244
1999,small_claims,historical_pre_2000,description,no_amount_signal,2790
1999,unlawful_detainer,historical_pre_2000,description,no_amount_signal,2448
1999,criminal,historical_pre_2000,description,no_amount_signal,2209
1999,family_multi_order,historical_pre_2000,description,no_amount_signal,280
1999,writ_or_mandate,historical_pre_2000,description,no_amount_signal,100
1999,criminal,historical_pre_2000,description,recognized_money_but_no_total,71
1999,unlawful_detainer,historical_pre_2000,description,recognized_money_but_no_total,50
1999,civil_general,historical_pre_2000,description,recognized_money_but_no_total,44
1999,probate,historical_pre_2000,description,no_amount_signal,40
1999,criminal,historical_pre_2000,docketEntryComment,no_amount_signal,17
1999,appellate_review,historical_pre_2000,description,no_amount_signal,16
1999,small_claims,historical_pre_2000,description,recognized_money_but_no_total,9
1999,family_multi_order,historical_pre_2000,description,recognized_money_but_no_total,8
1999,criminal,unknown_period,description,no_amount_signal,7
1999,criminal,historical_pre_2000,description,explicit_currency_not_recognized,5
1999,family_domestic_violence,historical_pre_2000,description,no_amount_signal,5
1999,criminal,historical_pre_2000,docketEntryComment,recognized_money_but_no_total,2
1999,writ_or_mandate,historical_pre_2000,description,recognized_money_but_no_total,2
1999,criminal,unknown_period,description,recognized_money_but_no_total,1
2000,civil_general,historical_pre_2000,description,no_amount_signal,5389
2000,civil_general,legacy_2000_2013,description,no_amount_signal,4061
2000,unlawful_detainer,legacy_2000_2013,description,no_amount_signal,2162
2000,small_claims,legacy_2000_2013,description,no_amount_signal,2119
2000,criminal,legacy_2000_2013,description,no_amount_signal,938
2000,criminal,historical_pre_2000,description,no_amount_signal,822
2000,small_claims,historical_pre_2000,description,no_amount_signal,457
2000,unlawful_detainer,historical_pre_2000,description,no_amount_signal,452
2000,family_multi_order,historical_pre_2000,description,no_amount_signal,107
2000,writ_or_mandate,historical_pre_2000,description,no_amount_signal,71
2000,writ_or_mandate,legacy_2000_2013,description,no_amount_signal,48
2000,family_multi_order,legacy_2000_2013,description,no_amount_signal,43
2000,unlawful_detainer,legacy_2000_2013,description,recognized_money_but_no_total,37
2000,probate,historical_pre_2000,description,no_amount_signal,31
2000,criminal,historical_pre_2000,description,recognized_money_but_no_total,15
2000,civil_general,historical_pre_2000,description,recognized_money_but_no_total,14
2000,family_domestic_violence,legacy_2000_2013,description,no_amount_signal,14
2000,criminal,unknown_period,description,no_amount_signal,13
2000,unlawful_detainer,historical_pre_2000,description,recognized_money_but_no_total,11
2000,family_multi_order,historical_pre_2000,description,recognized_money_but_no_total,8
2000,probate,legacy_2000_2013,description,no_amount_signal,8
2000,criminal,historical_pre_2000,docketEntryComment,no_amount_signal,6
2000,family_domestic_violence,historical_pre_2000,description,no_amount_signal,6
2000,small_claims,legacy_2000_2013,description,recognized_money_but_no_total,6
2000,small_claims,historical_pre_2000,description,recognized_money_but_no_total,5
2000,appellate_review,historical_pre_2000,description,no_amount_signal,4
2000,family_multi_order,legacy_2000_2013,description,recognized_money_but_no_total,3
2000,appellate_review,legacy_2000_2013,description,no_amount_signal,2
2000,criminal,legacy_2000_2013,description,recognized_money_but_no_total,2
2000,criminal,legacy_2000_2013,docketEntryComment,no_amount_signal,2
2000,writ_or_mandate,historical_pre_2000,description,recognized_money_but_no_total,2
2000,civil_general,legacy_2000_2013,description,recognized_money_but_no_total,1
2000,criminal,unknown_period,description,recognized_money_but_no_total,1
2000,probate,legacy_2000_2013,description,recognized_money_but_no_total,1
2001,civil_general,legacy_2000_2013,description,no_amount_signal,8969
2001,unlawful_detainer,legacy_2000_2013,description,no_amount_signal,2579
2001,small_claims,legacy_2000_2013,description,no_amount_signal,2280
2001,civil_general,historical_pre_2000,description,no_amount_signal,1893
2001,criminal,legacy_2000_2013,description,no_amount_signal,1685
2001,family_multi_order,legacy_2000_2013,description,no_amount_signal,588
2001,criminal,historical_pre_2000,description,no_amount_signal,289
2001,family_multi_order,historical_pre_2000,description,no_amount_signal,157
2001,writ_or_mandate,legacy_2000_2013,description,no_amount_signal,72
2001,unlawful_detainer,historical_pre_2000,description,no_amount_signal,65
2001,unlawful_detainer,legacy_2000_2013,description,recognized_money_but_no_total,37
2001,criminal,unknown_period,description,no_amount_signal,30
2001,writ_or_mandate,historical_pre_2000,description,no_amount_signal,19
2001,probate,legacy_2000_2013,description,no_amount_signal,15
2001,small_claims,historical_pre_2000,description,no_amount_signal,15
2001,civil_general,legacy_2000_2013,description,recognized_money_but_no_total,14
2001,small_claims,legacy_2000_2013,description,recognized_money_but_no_total,13
2001,family_domestic_violence,legacy_2000_2013,description,no_amount_signal,9
2001,probate,historical_pre_2000,description,no_amount_signal,8
2001,criminal,legacy_2000_2013,docketEntryComment,no_amount_signal,7
2001,appellate_review,legacy_2000_2013,description,no_amount_signal,6
2001,civil_general,historical_pre_2000,description,recognized_money_but_no_total,4
2001,family_domestic_violence,historical_pre_2000,description,no_amount_signal,3
2001,unknown,legacy_2000_2013,description,no_amount_signal,3
2001,criminal,historical_pre_2000,docketEntryComment,no_amount_signal,2
2001,criminal,legacy_2000_2013,description,recognized_money_but_no_total,2
2001,criminal,historical_pre_2000,description,recognized_money_but_no_total,1
2001,family_multi_order,historical_pre_2000,description,recognized_money_but_no_total,1
2001,family_multi_order,legacy_2000_2013,description,recognized_money_but_no_total,1
2001,writ_or_mandate,legacy_2000_2013,description,recognized_money_but_no_total,1
2002,civil_general,legacy_2000_2013,description,no_amount_signal,11585
2002,unlawful_detainer,legacy_2000_2013,description,no_amount_signal,2605
2002,criminal,legacy_2000_2013,description,no_amount_signal,2558
2002,small_claims,legacy_2000_2013,description,no_amount_signal,2287
2002,civil_general,historical_pre_2000,description,no_amount_signal,1718
2002,criminal,historical_pre_2000,description,no_amount_signal,226
2002,family_multi_order,legacy_2000_2013,description,no_amount_signal,177
2002,writ_or_mandate,legacy_2000_2013,description,no_amount_signal,170
2002,criminal,legacy_2000_2013,docketEntryComment,no_amount_signal,72
2002,criminal,unknown_period,description,no_amount_signal,59
2002,family_multi_order,historical_pre_2000,description,no_amount_signal,57
2002,unlawful_detainer,historical_pre_2000,description,no_amount_signal,40
2002,writ_or_mandate,historical_pre_2000,description,no_amount_signal,39
2002,unlawful_detainer,legacy_2000_2013,description,recognized_money_but_no_total,34
2002,civil_general,legacy_2000_2013,description,recognized_money_but_no_total,27
2002,probate,legacy_2000_2013,description,no_amount_signal,25
2002,family_domestic_violence,legacy_2000_2013,description,no_amount_signal,13
2002,probate,historical_pre_2000,description,no_amount_signal,10
2002,small_claims,legacy_2000_2013,description,recognized_money_but_no_total,10
2002,appellate_review,legacy_2000_2013,description,no_amount_signal,5
2002,civil_general,historical_pre_2000,description,recognized_money_but_no_total,4
2002,criminal,legacy_2000_2013,description,recognized_money_but_no_total,4
2002,appellate_review,historical_pre_2000,description,no_amount_signal,3
2002,unknown,legacy_2000_2013,description,no_amount_signal,3
2002,criminal,historical_pre_2000,docketEntryComment,no_amount_signal,2
2002,family_domestic_violence,historical_pre_2000,description,no_amount_signal,2
2002,writ_or_mandate,legacy_2000_2013,description,recognized_money_but_no_total,2
2002,criminal,unknown_period,docketEntryComment,no_amount_signal,1
2002,family_multi_order,historical_pre_2000,description,recognized_money_but_no_total,1
2002,small_claims,historical_pre_2000,description,no_amount_signal,1
2003,civil_general,legacy_2000_2013,description,no_amount_signal,11993
2003,unlawful_detainer,legacy_2000_2013,description,no_amount_signal,2670
2003,criminal,legacy_2000_2013,description,no_amount_signal,2608
2003,small_claims,legacy_2000_2013,description,no_amount_signal,2246
2003,family_multi_order,legacy_2000_2013,description,no_amount_signal,612
2003,civil_general,historical_pre_2000,description,no_amount_signal,445
2003,writ_or_mandate,legacy_2000_2013,description,no_amount_signal,176
2003,criminal,historical_pre_2000,description,no_amount_signal,114
2003,family_multi_order,historical_pre_2000,description,no_amount_signal,112
2003,criminal,unknown_period,description,no_amount_signal,80
2003,criminal,legacy_2000_2013,docketEntryComment,no_amount_signal,73
2003,unlawful_detainer,historical_pre_2000,description,no_amount_signal,39
2003,civil_general,legacy_2000_2013,description,recognized_money_but_no_total,29
2003,small_claims,legacy_2000_2013,description,recognized_money_but_no_total,28
2003,probate,legacy_2000_2013,description,no_amount_signal,27
2003,unlawful_detainer,legacy_2000_2013,description,recognized_money_but_no_total,22
2003,writ_or_mandate,historical_pre_2000,description,no_amount_signal,21
2003,appellate_review,historical_pre_2000,description,no_amount_signal,11
2003,appellate_review,legacy_2000_2013,description,no_amount_signal,11
2003,family_domestic_violence,legacy_2000_2013,description,no_amount_signal,9
2003,criminal,historical_pre_2000,docketEntryComment,no_amount_signal,4
2003,probate,historical_pre_2000,description,no_amount_signal,4
2003,writ_or_mandate,legacy_2000_2013,description,recognized_money_but_no_total,4
2003,criminal,unknown_period,docketEntryComment,no_amount_signal,3
2003,civil_general,historical_pre_2000,description,recognized_money_but_no_total,2
2003,criminal,legacy_2000_2013,description,recognized_money_but_no_total,1
2003,probate,historical_pre_2000,description,recognized_money_but_no_total,1
2003,small_claims,historical_pre_2000,description,no_amount_signal,1
2004,civil_general,legacy_2000_2013,description,no_amount_signal,11104
2004,criminal,legacy_2000_2013,description,no_amount_signal,2603
2004,unlawful_detainer,legacy_2000_2013,description,no_amount_signal,2184
2004,small_claims,legacy_2000_2013,description,no_amount_signal,1803
2004,family_multi_order,legacy_2000_2013,description,no_amount_signal,541
2004,civil_general,historical_pre_2000,description,no_amount_signal,279
2004,writ_or_mandate,legacy_2000_2013,description,no_amount_signal,206
2004,small_claims,legacy_2000_2013,description,recognized_money_but_no_total,82
2004,criminal,unknown_period,description,no_amount_signal,75
2004,criminal,legacy_2000_2013,docketEntryComment,no_amount_signal,70
2004,family_multi_order,historical_pre_2000,description,no_amount_signal,70
2004,criminal,historical_pre_2000,description,no_amount_signal,61
2004,probate,legacy_2000_2013,description,no_amount_signal,33
2004,writ_or_mandate,historical_pre_2000,description,no_amount_signal,33
2004,civil_general,legacy_2000_2013,description,recognized_money_but_no_total,18
2004,writ_or_mandate,legacy_2000_2013,description,recognized_money_but_no_total,16
2004,unlawful_detainer,legacy_2000_2013,description,recognized_money_but_no_total,11
2004,appellate_review,legacy_2000_2013,description,no_amount_signal,9
2004,family_domestic_violence,legacy_2000_2013,description,no_amount_signal,6
2004,unlawful_detainer,historical_pre_2000,description,no_amount_signal,5
2004,writ_or_mandate,historical_pre_2000,description,recognized_money_but_no_total,5
2004,probate,historical_pre_2000,description,no_amount_signal,4
2004,civil_general,historical_pre_2000,description,recognized_money_but_no_total,2
2004,criminal,historical_pre_2000,docketEntryComment,no_amount_signal,2
2004,small_claims,historical_pre_2000,description,no_amount_signal,2
2004,appellate_review,historical_pre_2000,description,no_amount_signal,1
2004,criminal,legacy_2000_2013,description,recognized_money_but_no_total,1
2004,criminal,legacy_2000_2013,description,explicit_currency_not_recognized,1
2004,criminal,unknown_period,docketEntryComment,no_amount_signal,1
2004,family_domestic_violence,historical_pre_2000,description,no_amount_signal,1
2004,probate,legacy_2000_2013,description,recognized_money_but_no_total,1
2005,civil_general,legacy_2000_2013,description,no_amount_signal,10345
2005,criminal,legacy_2000_2013,description,no_amount_signal,2176
2005,unlawful_detainer,legacy_2000_2013,description,no_amount_signal,2041
2005,small_claims,legacy_2000_2013,description,no_amount_signal,1538
2005,family_multi_order,legacy_2000_2013,description,no_amount_signal,843
2005,writ_or_mandate,legacy_2000_2013,description,no_amount_signal,171
2005,small_claims,legacy_2000_2013,description,recognized_money_but_no_total,159
2005,civil_general,historical_pre_2000,description,no_amount_signal,90
2005,criminal,unknown_period,description,no_amount_signal,78
2005,writ_or_mandate,legacy_2000_2013,description,recognized_money_but_no_total,76
2005,family_multi_order,historical_pre_2000,description,no_amount_signal,62
2005,criminal,historical_pre_2000,description,no_amount_signal,54
2005,probate,legacy_2000_2013,description,no_amount_signal,48
2005,writ_or_mandate,historical_pre_2000,description,recognized_money_but_no_total,45
2005,criminal,legacy_2000_2013,docketEntryComment,no_amount_signal,41
2005,civil_general,legacy_2000_2013,description,recognized_money_but_no_total,30
2005,unlawful_detainer,legacy_2000_2013,description,recognized_money_but_no_total,10
2005,criminal,legacy_2000_2013,description,recognized_money_but_no_total,5
2005,family_domestic_violence,legacy_2000_2013,description,no_amount_signal,3
2005,appellate_review,legacy_2000_2013,description,no_amount_signal,2
2005,probate,historical_pre_2000,description,no_amount_signal,2
2005,criminal,historical_pre_2000,docketEntryComment,no_amount_signal,1
2005,criminal,unknown_period,docketEntryComment,no_amount_signal,1
2005,small_claims,historical_pre_2000,description,no_amount_signal,1
2005,writ_or_mandate,historical_pre_2000,description,no_amount_signal,1
2006,civil_general,legacy_2000_2013,description,no_amount_signal,10492
2006,unlawful_detainer,legacy_2000_2013,description,no_amount_signal,1764
2006,criminal,legacy_2000_2013,description,no_amount_signal,1566
2006,small_claims,legacy_2000_2013,description,no_amount_signal,1512
2006,family_multi_order,legacy_2000_2013,description,no_amount_signal,772
2006,writ_or_mandate,legacy_2000_2013,description,no_amount_signal,135
2006,writ_or_mandate,legacy_2000_2013,description,recognized_money_but_no_total,74
2006,civil_general,historical_pre_2000,description,no_amount_signal,62
2006,criminal,legacy_2000_2013,docketEntryComment,no_amount_signal,60
2006,family_multi_order,historical_pre_2000,description,no_amount_signal,48
2006,criminal,unknown_period,description,no_amount_signal,41
2006,criminal,historical_pre_2000,description,no_amount_signal,33
2006,probate,legacy_2000_2013,description,no_amount_signal,26
2006,civil_general,legacy_2000_2013,description,recognized_money_but_no_total,17
2006,writ_or_mandate,historical_pre_2000,description,recognized_money_but_no_total,13
2006,small_claims,legacy_2000_2013,description,recognized_money_but_no_total,12
2006,unlawful_detainer,legacy_2000_2013,description,recognized_money_but_no_total,5
2006,family_domestic_violence,legacy_2000_2013,description,no_amount_signal,4
2006,criminal,legacy_2000_2013,description,recognized_money_but_no_total,3
2006,probate,historical_pre_2000,description,no_amount_signal,3
2006,writ_or_mandate,historical_pre_2000,description,no_amount_signal,3
2006,criminal,legacy_2000_2013,docketEntryComment,recognized_money_but_no_total,2
2006,appellate_review,legacy_2000_2013,description,no_amount_signal,1
2006,unlawful_detainer,historical_pre_2000,description,no_amount_signal,1
2007,civil_general,legacy_2000_2013,description,no_amount_signal,11190
2007,unlawful_detainer,legacy_2000_2013,description,no_amount_signal,1835
2007,small_claims,legacy_2000_2013,description,no_amount_signal,1577
2007,criminal,legacy_2000_2013,description,no_amount_signal,1441
2007,family_multi_order,legacy_2000_2013,description,no_amount_signal,663
2007,writ_or_mandate,legacy_2000_2013,description,no_amount_signal,167
2007,civil_general,historical_pre_2000,description,no_amount_signal,56
2007,writ_or_mandate,legacy_2000_2013,description,recognized_money_but_no_total,52
2007,criminal,unknown_period,description,no_amount_signal,51
2007,family_multi_order,historical_pre_2000,description,no_amount_signal,34
2007,criminal,historical_pre_2000,description,no_amount_signal,32
2007,criminal,legacy_2000_2013,docketEntryComment,no_amount_signal,24
2007,probate,legacy_2000_2013,description,no_amount_signal,21
2007,civil_general,legacy_2000_2013,description,recognized_money_but_no_total,12
2007,small_claims,legacy_2000_2013,description,recognized_money_but_no_total,12
2007,family_domestic_violence,legacy_2000_2013,description,no_amount_signal,6
2007,unlawful_detainer,legacy_2000_2013,description,recognized_money_but_no_total,5
2007,writ_or_mandate,historical_pre_2000,description,recognized_money_but_no_total,5
2007,criminal,historical_pre_2000,docketEntryComment,no_amount_signal,3
2007,criminal,legacy_2000_2013,description,recognized_money_but_no_total,2
2007,civil_general,historical_pre_2000,description,recognized_money_but_no_total,1
2007,criminal,unknown_period,docketEntryComment,no_amount_signal,1
2007,probate,historical_pre_2000,description,no_amount_signal,1
2007,unlawful_detainer,historical_pre_2000,description,no_amount_signal,1
2008,civil_general,legacy_2000_2013,description,no_amount_signal,12167
2008,unlawful_detainer,legacy_2000_2013,description,no_amount_signal,1764
2008,small_claims,legacy_2000_2013,description,no_amount_signal,1639
2008,criminal,legacy_2000_2013,description,no_amount_signal,1506
2008,family_multi_order,legacy_2000_2013,description,no_amount_signal,802
2008,family_multi_order,historical_pre_2000,description,no_amount_signal,252
2008,writ_or_mandate,legacy_2000_2013,description,no_amount_signal,201
2008,writ_or_mandate,legacy_2000_2013,description,recognized_money_but_no_total,60
2008,criminal,unknown_period,description,no_amount_signal,41
2008,criminal,legacy_2000_2013,docketEntryComment,no_amount_signal,34
2008,criminal,historical_pre_2000,description,no_amount_signal,30
2008,probate,legacy_2000_2013,description,no_amount_signal,21
2008,civil_general,historical_pre_2000,description,no_amount_signal,19
2008,civil_general,legacy_2000_2013,description,recognized_money_but_no_total,16
2008,small_claims,legacy_2000_2013,description,recognized_money_but_no_total,10
2008,unlawful_detainer,legacy_2000_2013,description,recognized_money_but_no_total,7
2008,family_domestic_violence,legacy_2000_2013,description,no_amount_signal,4
2008,criminal,legacy_2000_2013,description,recognized_money_but_no_total,3
2008,probate,historical_pre_2000,description,no_amount_signal,3
2008,writ_or_mandate,historical_pre_2000,description,recognized_money_but_no_total,2
2008,criminal,historical_pre_2000,docketEntryComment,no_amount_signal,1
2008,criminal,unknown_period,docketEntryComment,no_amount_signal,1
2008,family_domestic_violence,historical_pre_2000,description,no_amount_signal,1
2009,civil_general,legacy_2000_2013,description,no_amount_signal,12635
2009,small_claims,legacy_2000_2013,description,no_amount_signal,2210
2009,unlawful_detainer,legacy_2000_2013,description,no_amount_signal,1561
2009,criminal,legacy_2000_2013,description,no_amount_signal,1437
2009,family_multi_order,legacy_2000_2013,description,no_amount_signal,586
2009,family_multi_order,historical_pre_2000,description,no_amount_signal,443
2009,writ_or_mandate,legacy_2000_2013,description,no_amount_signal,130
2009,writ_or_mandate,legacy_2000_2013,description,recognized_money_but_no_total,74
2009,criminal,legacy_2000_2013,docketEntryComment,no_amount_signal,47
2009,criminal,unknown_period,description,no_amount_signal,37
2009,probate,legacy_2000_2013,description,no_amount_signal,24
2009,criminal,historical_pre_2000,description,no_amount_signal,23
2009,small_claims,legacy_2000_2013,description,recognized_money_but_no_total,17
2009,civil_general,legacy_2000_2013,description,recognized_money_but_no_total,16
2009,civil_general,historical_pre_2000,description,no_amount_signal,12
2009,criminal,legacy_2000_2013,description,recognized_money_but_no_total,6
2009,family_domestic_violence,legacy_2000_2013,description,no_amount_signal,4
2009,unlawful_detainer,legacy_2000_2013,description,recognized_money_but_no_total,4
2009,writ_or_mandate,historical_pre_2000,description,recognized_money_but_no_total,2
2009,criminal,unknown_period,docketEntryComment,no_amount_signal,1
2009,unknown,legacy_2000_2013,description,recognized_money_but_no_total,1
2009,writ_or_mandate,historical_pre_2000,description,no_amount_signal,1
2010,civil_general,legacy_2000_2013,description,no_amount_signal,11278
2010,small_claims,legacy_2000_2013,description,no_amount_signal,2356
2010,criminal,legacy_2000_2013,description,no_amount_signal,1805
2010,unlawful_detainer,legacy_2000_2013,description,no_amount_signal,1593
2010,civil_general,historical_pre_2000,description,no_amount_signal,1444
2010,family_multi_order,legacy_2000_2013,description,no_amount_signal,514
2010,writ_or_mandate,legacy_2000_2013,description,no_amount_signal,94
2010,writ_or_mandate,legacy_2000_2013,description,recognized_money_but_no_total,81
2010,criminal,legacy_2000_2013,docketEntryComment,no_amount_signal,80
2010,writ_or_mandate,historical_pre_2000,description,no_amount_signal,26
2010,criminal,unknown_period,description,no_amount_signal,25
2010,family_multi_order,historical_pre_2000,description,no_amount_signal,19
2010,criminal,historical_pre_2000,description,no_amount_signal,15
2010,probate,legacy_2000_2013,description,no_amount_signal,15
2010,civil_general,legacy_2000_2013,description,recognized_money_but_no_total,13
2010,small_claims,legacy_2000_2013,description,recognized_money_but_no_total,13
2010,unlawful_detainer,legacy_2000_2013,description,recognized_money_but_no_total,3
2010,criminal,legacy_2000_2013,description,recognized_money_but_no_total,2
2010,family_domestic_violence,legacy_2000_2013,description,no_amount_signal,2
2010,probate,historical_pre_2000,description,no_amount_signal,2
2010,probate,legacy_2000_2013,description,recognized_money_but_no_total,2
2010,criminal,historical_pre_2000,docketEntryComment,no_amount_signal,1
2010,criminal,unknown_period,description,recognized_money_but_no_total,1
2010,criminal,unknown_period,docketEntryComment,no_amount_signal,1
2011,civil_general,legacy_2000_2013,description,no_amount_signal,10003
2011,small_claims,legacy_2000_2013,description,no_amount_signal,2104
2011,unlawful_detainer,legacy_2000_2013,description,no_amount_signal,1754
2011,criminal,legacy_2000_2013,description,no_amount_signal,1612
2011,family_multi_order,legacy_2000_2013,description,no_amount_signal,577
2011,writ_or_mandate,legacy_2000_2013,description,recognized_money_but_no_total,117
2011,writ_or_mandate,legacy_2000_2013,description,no_amount_signal,116
2011,criminal,legacy_2000_2013,docketEntryComment,no_amount_signal,65
2011,criminal,unknown_period,description,no_amount_signal,21
2011,civil_general,historical_pre_2000,description,no_amount_signal,19
2011,criminal,historical_pre_2000,description,no_amount_signal,18
2011,family_multi_order,historical_pre_2000,description,no_amount_signal,18
2011,probate,legacy_2000_2013,description,no_amount_signal,13
2011,civil_general,legacy_2000_2013,description,recognized_money_but_no_total,11
2011,criminal,legacy_2000_2013,description,recognized_money_but_no_total,7
2011,family_domestic_violence,legacy_2000_2013,description,no_amount_signal,3
2011,probate,legacy_2000_2013,description,recognized_money_but_no_total,3
2011,small_claims,legacy_2000_2013,description,recognized_money_but_no_total,3
2011,unlawful_detainer,legacy_2000_2013,description,recognized_money_but_no_total,3
2011,criminal,unknown_period,docketEntryComment,no_amount_signal,1
2011,probate,historical_pre_2000,description,no_amount_signal,1
2012,civil_general,legacy_2000_2013,description,no_amount_signal,9456
2012,small_claims,legacy_2000_2013,description,no_amount_signal,1993
2012,unlawful_detainer,legacy_2000_2013,description,no_amount_signal,1502
2012,criminal,legacy_2000_2013,description,no_amount_signal,1047
2012,family_multi_order,legacy_2000_2013,description,no_amount_signal,448
2012,writ_or_mandate,legacy_2000_2013,description,no_amount_signal,115
2012,writ_or_mandate,legacy_2000_2013,description,recognized_money_but_no_total,55
2012,criminal,legacy_2000_2013,docketEntryComment,no_amount_signal,48
2012,probate,legacy_2000_2013,description,no_amount_signal,48
2012,criminal,unknown_period,description,no_amount_signal,22
2012,civil_general,legacy_2000_2013,description,recognized_money_but_no_total,12
2012,criminal,historical_pre_2000,description,no_amount_signal,10
2012,small_claims,legacy_2000_2013,description,recognized_money_but_no_total,10
2012,family_multi_order,historical_pre_2000,description,no_amount_signal,9
2012,unlawful_detainer,legacy_2000_2013,description,recognized_money_but_no_total,9
2012,civil_general,historical_pre_2000,description,no_amount_signal,8
2012,family_domestic_violence,legacy_2000_2013,description,no_amount_signal,6
2012,criminal,legacy_2000_2013,description,recognized_money_but_no_total,5
2012,criminal,legacy_2000_2013,description,explicit_currency_not_recognized,3
2012,criminal,unknown_period,docketEntryComment,no_amount_signal,2
2012,civil_general,legacy_2000_2013,description,explicit_currency_not_recognized,1
2012,criminal,historical_pre_2000,docketEntryComment,no_amount_signal,1
2012,probate,historical_pre_2000,description,no_amount_signal,1
2012,probate,legacy_2000_2013,description,recognized_money_but_no_total,1
2012,unlawful_detainer,historical_pre_2000,description,no_amount_signal,1
2013,civil_general,legacy_2000_2013,description,no_amount_signal,9033
2013,small_claims,legacy_2000_2013,description,no_amount_signal,1920
2013,criminal,legacy_2000_2013,description,no_amount_signal,1150
2013,unlawful_detainer,legacy_2000_2013,description,no_amount_signal,1118
2013,family_multi_order,legacy_2000_2013,description,no_amount_signal,445
2013,writ_or_mandate,legacy_2000_2013,description,no_amount_signal,120
2013,criminal,legacy_2000_2013,docketEntryComment,no_amount_signal,60
2013,writ_or_mandate,legacy_2000_2013,description,recognized_money_but_no_total,60
2013,probate,legacy_2000_2013,description,no_amount_signal,48
2013,criminal,unknown_period,description,no_amount_signal,26
2013,criminal,historical_pre_2000,description,no_amount_signal,20
2013,small_claims,legacy_2000_2013,description,recognized_money_but_no_total,11
2013,family_multi_order,historical_pre_2000,description,no_amount_signal,9
2013,unlawful_detainer,legacy_2000_2013,description,recognized_money_but_no_total,8
2013,civil_general,legacy_2000_2013,description,recognized_money_but_no_total,7
2013,family_domestic_violence,legacy_2000_2013,description,no_amount_signal,3
2013,criminal,legacy_2000_2013,description,recognized_money_but_no_total,2
2013,criminal,legacy_2000_2013,description,explicit_currency_not_recognized,2
2013,civil_general,historical_pre_2000,description,no_amount_signal,1
2013,criminal,legacy_2000_2013,docketEntryComment,recognized_money_but_no_total,1
2013,criminal,unknown_period,docketEntryComment,no_amount_signal,1
2013,probate,historical_pre_2000,description,no_amount_signal,1
2013,unlawful_detainer,historical_pre_2000,description,no_amount_signal,1
2014,civil_general,legacy_2000_2013,description,no_amount_signal,4694
2014,civil_general,portal_2014_2020,description,no_amount_signal,2915
2014,small_claims,portal_2014_2020,description,no_amount_signal,1335
2014,unlawful_detainer,portal_2014_2020,description,no_amount_signal,738
2014,small_claims,legacy_2000_2013,description,no_amount_signal,418
2014,criminal,legacy_2000_2013,description,no_amount_signal,398
2014,criminal,portal_2014_2020,description,no_amount_signal,395
2014,unlawful_detainer,legacy_2000_2013,description,no_amount_signal,298
2014,family_multi_order,legacy_2000_2013,description,no_amount_signal,233
2014,family_multi_order,portal_2014_2020,description,no_amount_signal,114
2014,writ_or_mandate,legacy_2000_2013,description,no_amount_signal,68
2014,writ_or_mandate,portal_2014_2020,description,no_amount_signal,59
2014,probate,legacy_2000_2013,description,no_amount_signal,47
2014,criminal,legacy_2000_2013,docketEntryComment,no_amount_signal,30
2014,criminal,portal_2014_2020,docketEntryComment,no_amount_signal,18
2014,writ_or_mandate,legacy_2000_2013,description,recognized_money_but_no_total,18
2014,probate,portal_2014_2020,description,no_amount_signal,17
2014,small_claims,portal_2014_2020,description,recognized_money_but_no_total,13
2014,family_multi_order,historical_pre_2000,description,no_amount_signal,10
2014,criminal,historical_pre_2000,description,no_amount_signal,7
2014,family_domestic_violence,portal_2014_2020,description,no_amount_signal,6
2014,civil_general,legacy_2000_2013,description,recognized_money_but_no_total,5
2014,criminal,legacy_2000_2013,description,recognized_money_but_no_total,5
2014,writ_or_mandate,portal_2014_2020,description,recognized_money_but_no_total,5
2014,criminal,portal_2014_2020,description,recognized_money_but_no_total,4
2014,criminal,unknown_period,description,no_amount_signal,3
2014,small_claims,legacy_2000_2013,description,recognized_money_but_no_total,3
2014,criminal,historical_pre_2000,docketEntryComment,no_amount_signal,2
2014,criminal,legacy_2000_2013,description,explicit_currency_not_recognized,1
2014,criminal,legacy_2000_2013,docketEntryComment,recognized_money_but_no_total,1
2014,criminal,unknown_period,docketEntryComment,no_amount_signal,1
2014,family_domestic_violence,legacy_2000_2013,description,no_amount_signal,1
