event_year,case_model,event_kind,extraction_period,source_field,operative_event_count,parsed_total_count,recognized_money_event_count,recognized_money_without_total_count,explicit_currency_not_recognized_count,unmarked_numeric_context_count
1988,civil_general,judgment,historical_pre_2000,description,395,1,4,3,0,0
1988,small_claims,judgment,historical_pre_2000,description,333,1,1,0,0,0
1988,writ_or_mandate,judgment,historical_pre_2000,description,161,0,0,0,0,0
1988,family_multi_order,judgment,historical_pre_2000,description,20,0,1,1,0,0
1988,small_claims,monetary_judgment,historical_pre_2000,description,14,14,14,0,0,0
1988,civil_general,default_judgment,historical_pre_2000,description,13,0,0,0,0,0
1988,family_multi_order,default_judgment,historical_pre_2000,description,6,0,0,0,0,0
1988,unlawful_detainer,judgment,historical_pre_2000,description,6,0,0,0,0,0
1988,small_claims,amended_judgment,historical_pre_2000,description,4,0,0,0,0,0
1988,civil_general,possession,historical_pre_2000,description,3,0,0,0,0,0
1988,civil_general,monetary_judgment,historical_pre_2000,description,2,2,2,0,0,0
1988,unlawful_detainer,default_judgment,historical_pre_2000,description,2,0,0,0,0,0
1988,unlawful_detainer,possession,historical_pre_2000,description,2,0,0,0,0,0
1988,civil_general,amended_judgment,historical_pre_2000,description,1,0,0,0,0,0
1988,family_multi_order,declaratory/injunctive,historical_pre_2000,description,1,0,0,0,0,0
1989,civil_general,judgment,historical_pre_2000,description,420,0,7,7,0,0
1989,small_claims,judgment,historical_pre_2000,description,337,0,0,0,0,0
1989,writ_or_mandate,judgment,historical_pre_2000,description,67,0,0,0,0,0
1989,small_claims,monetary_judgment,historical_pre_2000,description,43,43,43,0,0,0
1989,civil_general,default_judgment,historical_pre_2000,description,31,0,1,1,0,0
1989,family_multi_order,judgment,historical_pre_2000,description,30,1,1,0,0,0
1989,appellate_review,judgment,historical_pre_2000,description,20,0,0,0,0,0
1989,family_multi_order,default_judgment,historical_pre_2000,description,3,0,0,0,0,0
1989,small_claims,amended_judgment,historical_pre_2000,description,3,0,0,0,0,0
1989,civil_general,monetary_judgment,historical_pre_2000,description,2,2,2,0,0,0
1989,writ_or_mandate,declaratory/injunctive,historical_pre_2000,description,2,0,0,0,0,0
1989,appellate_review,monetary_judgment,historical_pre_2000,description,1,0,1,1,0,0
1989,civil_general,amended_judgment,historical_pre_2000,description,1,0,0,0,0,0
1989,civil_general,declaratory/injunctive,historical_pre_2000,description,1,0,0,0,0,0
1989,civil_general,possession,historical_pre_2000,description,1,0,0,0,0,0
1989,family_multi_order,declaratory/injunctive,historical_pre_2000,description,1,0,0,0,0,0
1989,small_claims,monetary_judgment,legacy_2000_2013,description,1,1,1,0,0,0
1990,small_claims,judgment,historical_pre_2000,description,491,0,1,1,0,0
1990,civil_general,judgment,historical_pre_2000,description,305,0,8,8,1,0
1990,small_claims,monetary_judgment,historical_pre_2000,description,226,226,226,0,0,0
1990,writ_or_mandate,judgment,historical_pre_2000,description,63,0,0,0,0,0
1990,family_multi_order,judgment,historical_pre_2000,description,62,0,1,1,0,0
1990,civil_general,default_judgment,historical_pre_2000,description,17,0,3,3,0,0
1990,family_multi_order,default_judgment,historical_pre_2000,description,8,0,0,0,0,0
1990,civil_general,declaratory/injunctive,historical_pre_2000,description,2,0,0,0,0,0
1990,civil_general,monetary_judgment,historical_pre_2000,description,2,1,2,1,0,0
1990,civil_general,possession,historical_pre_2000,description,2,0,0,0,0,0
1990,civil_general,amended_judgment,historical_pre_2000,description,1,0,0,0,0,0
1990,probate,judgment,historical_pre_2000,description,1,0,0,0,0,0
1990,small_claims,take_nothing,historical_pre_2000,description,1,1,1,0,0,0
1990,unlawful_detainer,judgment,historical_pre_2000,description,1,0,0,0,0,0
1991,small_claims,monetary_judgment,historical_pre_2000,description,6297,6297,6297,0,0,0
1991,small_claims,judgment,historical_pre_2000,description,2543,0,6,6,0,0
1991,civil_general,judgment,historical_pre_2000,description,318,0,6,6,0,0
1991,writ_or_mandate,judgment,historical_pre_2000,description,70,0,0,0,0,0
1991,family_multi_order,judgment,historical_pre_2000,description,65,0,9,9,0,0
1991,small_claims,amended_judgment,historical_pre_2000,description,37,32,32,0,0,0
1991,civil_general,default_judgment,historical_pre_2000,description,23,0,0,0,0,0
1991,small_claims,take_nothing,historical_pre_2000,description,3,0,0,0,0,0
1991,civil_general,declaratory/injunctive,historical_pre_2000,description,2,0,0,0,0,0
1991,small_claims,possession,historical_pre_2000,description,2,0,1,1,0,0
1991,appellate_review,amended_judgment,historical_pre_2000,description,1,0,0,0,0,0
1991,appellate_review,declaratory/injunctive,historical_pre_2000,description,1,0,0,0,0,0
1991,probate,amended_judgment,historical_pre_2000,description,1,0,0,0,0,0
1991,probate,declaratory/injunctive,historical_pre_2000,description,1,0,0,0,0,0
1992,small_claims,monetary_judgment,historical_pre_2000,description,6490,6490,6490,0,0,0
1992,small_claims,judgment,historical_pre_2000,description,3005,0,18,18,0,0
1992,civil_general,judgment,historical_pre_2000,description,932,2,7,5,0,0
1992,civil_general,monetary_judgment,historical_pre_2000,description,569,569,569,0,0,0
1992,small_claims,amended_judgment,historical_pre_2000,description,418,340,350,10,0,0
1992,family_multi_order,judgment,historical_pre_2000,description,76,0,14,14,0,0
1992,writ_or_mandate,judgment,historical_pre_2000,description,68,0,0,0,0,0
1992,civil_general,default_judgment,historical_pre_2000,description,54,0,0,0,0,0
1992,unlawful_detainer,judgment,historical_pre_2000,description,54,0,0,0,0,0
1992,unlawful_detainer,possession,historical_pre_2000,description,25,24,24,0,0,0
1992,unlawful_detainer,amended_judgment,historical_pre_2000,description,22,22,22,0,0,0
1992,writ_or_mandate,monetary_judgment,historical_pre_2000,description,19,19,19,0,0,0
1992,small_claims,take_nothing,historical_pre_2000,description,5,3,3,0,0,0
1992,civil_general,possession,historical_pre_2000,description,3,0,0,0,0,0
1992,civil_general,amended_judgment,historical_pre_2000,description,2,0,1,1,0,0
1992,civil_general,declaratory/injunctive,historical_pre_2000,description,2,0,0,0,0,0
1992,family_multi_order,amended_judgment,historical_pre_2000,description,2,0,0,0,0,0
1992,small_claims,judgment,legacy_2000_2013,description,2,0,0,0,0,0
1992,unknown,judgment,historical_pre_2000,description,2,0,0,0,0,0
1992,family_multi_order,default_judgment,historical_pre_2000,description,1,0,0,0,0,0
1992,writ_or_mandate,default_judgment,historical_pre_2000,description,1,0,0,0,0,0
1993,small_claims,monetary_judgment,historical_pre_2000,description,5637,5637,5637,0,0,0
1993,small_claims,judgment,historical_pre_2000,description,3158,1,26,25,0,0
1993,civil_general,monetary_judgment,historical_pre_2000,description,3129,3121,3123,2,0,0
1993,unlawful_detainer,possession,historical_pre_2000,description,1628,1097,1178,81,0,0
1993,unlawful_detainer,judgment,historical_pre_2000,description,1530,1,19,18,0,0
1993,civil_general,judgment,historical_pre_2000,description,1176,0,4,4,0,0
1993,small_claims,amended_judgment,historical_pre_2000,description,612,495,534,39,0,0
1993,civil_general,default_judgment,historical_pre_2000,description,156,0,0,0,0,0
1993,writ_or_mandate,judgment,historical_pre_2000,description,92,0,0,0,0,0
1993,unlawful_detainer,amended_judgment,historical_pre_2000,description,89,86,86,0,0,0
1993,family_multi_order,judgment,historical_pre_2000,description,56,0,7,7,0,0
1993,civil_general,take_nothing,historical_pre_2000,description,50,13,15,2,0,0
1993,unlawful_detainer,monetary_judgment,historical_pre_2000,description,29,24,27,3,0,0
1993,unlawful_detainer,take_nothing,historical_pre_2000,description,29,4,8,4,0,0
1993,civil_general,amended_judgment,historical_pre_2000,description,9,5,5,0,0,0
1993,probate,judgment,historical_pre_2000,description,9,0,0,0,0,0
1993,civil_general,possession,historical_pre_2000,description,3,0,0,0,0,0
1993,small_claims,default_judgment,historical_pre_2000,description,2,0,0,0,0,0
1993,small_claims,take_nothing,historical_pre_2000,description,2,0,0,0,0,0
1993,unlawful_detainer,default_judgment,historical_pre_2000,description,2,0,0,0,0,0
1993,writ_or_mandate,default_judgment,historical_pre_2000,description,2,0,0,0,0,0
1993,civil_general,declaratory/injunctive,historical_pre_2000,description,1,0,0,0,0,0
1993,probate,amended_judgment,historical_pre_2000,description,1,0,0,0,0,0
1993,unlawful_detainer,declaratory/injunctive,historical_pre_2000,description,1,0,0,0,0,0
1993,writ_or_mandate,monetary_judgment,historical_pre_2000,description,1,1,1,0,0,0
1994,small_claims,monetary_judgment,historical_pre_2000,description,5291,5291,5291,0,0,0
1994,civil_general,monetary_judgment,historical_pre_2000,description,3573,3573,3573,0,0,0
1994,small_claims,judgment,historical_pre_2000,description,3103,0,35,35,0,0
1994,unlawful_detainer,possession,historical_pre_2000,description,1917,1303,1388,85,0,0
1994,unlawful_detainer,judgment,historical_pre_2000,description,1608,0,14,14,0,0
1994,small_claims,amended_judgment,historical_pre_2000,description,527,420,442,22,0,0
1994,civil_general,judgment,historical_pre_2000,description,508,2,18,16,0,0
1994,civil_general,take_nothing,historical_pre_2000,description,100,27,32,5,0,0
1994,writ_or_mandate,judgment,historical_pre_2000,description,93,0,1,1,0,0
1994,unlawful_detainer,amended_judgment,historical_pre_2000,description,76,68,68,0,0,0
1994,civil_general,default_judgment,historical_pre_2000,description,46,0,1,1,0,0
1994,family_multi_order,judgment,historical_pre_2000,description,46,0,12,12,0,0
1994,civil_general,amended_judgment,historical_pre_2000,description,26,21,23,2,0,0
1994,unlawful_detainer,take_nothing,historical_pre_2000,description,25,9,13,4,0,0
1994,unlawful_detainer,monetary_judgment,historical_pre_2000,description,8,3,5,2,0,0
1994,civil_general,possession,historical_pre_2000,description,4,1,1,0,0,0
1994,unlawful_detainer,default_judgment,historical_pre_2000,description,4,0,0,0,0,0
1994,probate,judgment,historical_pre_2000,description,2,0,0,0,0,0
1994,small_claims,default_judgment,historical_pre_2000,description,2,0,0,0,0,0
1994,small_claims,take_nothing,historical_pre_2000,description,2,0,0,0,0,0
1994,family_multi_order,monetary_judgment,historical_pre_2000,description,1,1,1,0,0,0
1994,small_claims,possession,historical_pre_2000,description,1,1,1,0,0,0
1994,writ_or_mandate,declaratory/injunctive,historical_pre_2000,description,1,0,0,0,0,0
1995,small_claims,monetary_judgment,historical_pre_2000,description,4454,4454,4454,0,0,0
1995,civil_general,monetary_judgment,historical_pre_2000,description,3379,3377,3378,1,0,0
1995,small_claims,judgment,historical_pre_2000,description,2610,0,11,11,0,0
1995,unlawful_detainer,possession,historical_pre_2000,description,1873,1298,1404,106,0,0
1995,unlawful_detainer,judgment,historical_pre_2000,description,1715,0,17,17,0,0
1995,small_claims,amended_judgment,historical_pre_2000,description,547,423,448,25,0,0
1995,civil_general,judgment,historical_pre_2000,description,454,3,15,12,0,0
1995,civil_general,take_nothing,historical_pre_2000,description,111,42,43,1,0,0
1995,writ_or_mandate,judgment,historical_pre_2000,description,62,0,1,1,0,0
1995,unlawful_detainer,amended_judgment,historical_pre_2000,description,55,42,45,3,0,0
1995,family_multi_order,judgment,historical_pre_2000,description,45,1,9,8,0,0
1995,unlawful_detainer,monetary_judgment,historical_pre_2000,description,44,18,21,3,0,0
1995,civil_general,default_judgment,historical_pre_2000,description,39,0,5,5,0,0
1995,unlawful_detainer,take_nothing,historical_pre_2000,description,35,13,20,7,0,0
1995,civil_general,amended_judgment,historical_pre_2000,description,23,20,20,0,0,0
1995,civil_general,possession,historical_pre_2000,description,9,0,0,0,0,0
1995,probate,judgment,historical_pre_2000,description,2,0,0,0,0,0
1995,family_multi_order,amended_judgment,historical_pre_2000,description,1,0,0,0,0,0
1995,unlawful_detainer,default_judgment,historical_pre_2000,description,1,0,1,1,0,0
1995,writ_or_mandate,amended_judgment,historical_pre_2000,description,1,0,0,0,0,0
1995,writ_or_mandate,judgment,legacy_2000_2013,description,1,0,0,0,0,0
1996,small_claims,monetary_judgment,historical_pre_2000,description,4102,4102,4102,0,0,0
1996,civil_general,monetary_judgment,historical_pre_2000,description,3478,3476,3477,1,0,0
1996,small_claims,judgment,historical_pre_2000,description,2596,0,11,11,0,0
1996,unlawful_detainer,possession,historical_pre_2000,description,1685,1109,1180,71,0,0
1996,unlawful_detainer,judgment,historical_pre_2000,description,1591,1,9,8,0,0
1996,small_claims,amended_judgment,historical_pre_2000,description,531,411,435,24,0,0
1996,civil_general,judgment,historical_pre_2000,description,448,1,25,24,0,0
1996,civil_general,take_nothing,historical_pre_2000,description,127,52,60,8,0,0
1996,civil_general,default_judgment,historical_pre_2000,description,98,0,0,0,0,0
1996,writ_or_mandate,judgment,historical_pre_2000,description,83,0,1,1,0,0
1996,unlawful_detainer,take_nothing,historical_pre_2000,description,48,24,30,6,0,0
1996,unlawful_detainer,amended_judgment,historical_pre_2000,description,38,22,27,5,0,0
1996,civil_general,amended_judgment,historical_pre_2000,description,24,22,22,0,0,0
1996,unlawful_detainer,monetary_judgment,historical_pre_2000,description,19,19,19,0,0,0
1996,family_multi_order,judgment,historical_pre_2000,description,13,0,0,0,0,0
1996,civil_general,possession,historical_pre_2000,description,6,0,0,0,0,0
1996,small_claims,default_judgment,historical_pre_2000,description,4,0,2,2,0,0
1996,unknown,judgment,unknown_period,description,2,0,0,0,0,0
1996,civil_general,declaratory/injunctive,historical_pre_2000,description,1,0,0,0,0,0
1996,family_multi_order,amended_judgment,historical_pre_2000,description,1,0,0,0,0,0
1996,family_multi_order,default_judgment,historical_pre_2000,description,1,0,1,1,0,0
1996,unlawful_detainer,default_judgment,historical_pre_2000,description,1,0,0,0,0,0
1997,small_claims,monetary_judgment,historical_pre_2000,description,3896,3896,3896,0,0,0
1997,civil_general,monetary_judgment,historical_pre_2000,description,3100,3100,3100,0,0,0
1997,small_claims,judgment,historical_pre_2000,description,2355,0,14,14,0,0
1997,unlawful_detainer,possession,historical_pre_2000,description,1655,1092,1177,85,0,0
1997,unlawful_detainer,judgment,historical_pre_2000,description,1512,0,8,8,0,0
1997,civil_general,judgment,historical_pre_2000,description,472,3,11,8,0,0
1997,small_claims,amended_judgment,historical_pre_2000,description,419,279,299,20,0,0
1997,civil_general,take_nothing,historical_pre_2000,description,84,22,26,4,0,0
1997,civil_general,default_judgment,historical_pre_2000,description,67,1,12,11,0,0
1997,unlawful_detainer,amended_judgment,historical_pre_2000,description,60,41,45,4,0,0
1997,writ_or_mandate,judgment,historical_pre_2000,description,60,0,0,0,0,0
1997,unlawful_detainer,take_nothing,historical_pre_2000,description,39,19,21,2,0,0
1997,family_multi_order,judgment,historical_pre_2000,description,25,1,3,2,0,0
1997,civil_general,amended_judgment,historical_pre_2000,description,18,15,16,1,0,0
1997,unlawful_detainer,monetary_judgment,historical_pre_2000,description,13,8,11,3,0,0
1997,civil_general,possession,historical_pre_2000,description,5,1,1,0,0,0
1997,small_claims,default_judgment,historical_pre_2000,description,4,0,0,0,0,0
1997,family_multi_order,default_judgment,historical_pre_2000,description,2,0,0,0,0,0
1997,probate,judgment,historical_pre_2000,description,2,0,0,0,0,0
1997,unlawful_detainer,default_judgment,historical_pre_2000,description,2,0,0,0,0,0
1997,family_multi_order,amended_judgment,historical_pre_2000,description,1,0,0,0,0,0
1997,writ_or_mandate,declaratory/injunctive,historical_pre_2000,description,1,0,0,0,0,0
1997,writ_or_mandate,default_judgment,historical_pre_2000,description,1,0,0,0,0,0
1998,small_claims,monetary_judgment,historical_pre_2000,description,3166,3166,3166,0,0,0
1998,civil_general,monetary_judgment,historical_pre_2000,description,2913,2912,2912,0,0,0
1998,small_claims,judgment,historical_pre_2000,description,2327,0,12,12,0,0
1998,unlawful_detainer,possession,historical_pre_2000,description,1416,963,1012,49,0,0
1998,unlawful_detainer,judgment,historical_pre_2000,description,1343,1,5,4,0,0
1998,civil_general,judgment,historical_pre_2000,description,444,4,17,13,0,0
1998,small_claims,amended_judgment,historical_pre_2000,description,348,268,285,17,0,0
1998,civil_general,take_nothing,historical_pre_2000,description,131,41,43,2,0,0
1998,writ_or_mandate,judgment,historical_pre_2000,description,74,0,0,0,0,0
1998,family_multi_order,judgment,historical_pre_2000,description,60,0,4,4,0,0
1998,civil_general,default_judgment,historical_pre_2000,description,40,0,4,4,0,0
1998,unlawful_detainer,take_nothing,historical_pre_2000,description,40,21,22,1,0,0
1998,unlawful_detainer,amended_judgment,historical_pre_2000,description,33,24,25,1,0,0
1998,civil_general,amended_judgment,historical_pre_2000,description,25,19,19,0,0,0
1998,unlawful_detainer,monetary_judgment,historical_pre_2000,description,22,17,17,0,0,0
1998,family_multi_order,default_judgment,historical_pre_2000,description,7,0,0,0,0,0
1998,civil_general,possession,historical_pre_2000,description,5,1,1,0,0,0
1998,civil_general,declaratory/injunctive,historical_pre_2000,description,3,0,0,0,0,0
1998,unlawful_detainer,default_judgment,historical_pre_2000,description,3,0,1,1,0,0
1998,appellate_review,amended_judgment,historical_pre_2000,description,1,0,0,0,0,0
1998,unlawful_detainer,declaratory/injunctive,historical_pre_2000,description,1,0,1,1,0,0
1998,writ_or_mandate,declaratory/injunctive,historical_pre_2000,description,1,0,0,0,0,0
1999,civil_general,monetary_judgment,historical_pre_2000,description,2940,2938,2939,1,0,0
1999,small_claims,monetary_judgment,historical_pre_2000,description,2845,2845,2845,0,0,0
1999,small_claims,judgment,historical_pre_2000,description,2221,0,8,8,0,0
1999,unlawful_detainer,judgment,historical_pre_2000,description,1084,1,10,9,0,0
1999,unlawful_detainer,possession,historical_pre_2000,description,1030,686,726,40,0,0
1999,civil_general,judgment,historical_pre_2000,description,459,2,13,11,0,0
1999,small_claims,amended_judgment,historical_pre_2000,description,331,261,273,12,0,0
1999,civil_general,take_nothing,historical_pre_2000,description,91,35,38,3,0,0
1999,family_multi_order,judgment,historical_pre_2000,description,82,0,7,7,0,0
1999,civil_general,default_judgment,historical_pre_2000,description,68,1,31,30,0,0
1999,writ_or_mandate,judgment,historical_pre_2000,description,68,0,2,2,0,0
1999,unlawful_detainer,take_nothing,historical_pre_2000,description,36,18,21,3,0,0
1999,civil_general,amended_judgment,historical_pre_2000,description,32,27,28,1,0,0
1999,unlawful_detainer,amended_judgment,historical_pre_2000,description,23,15,17,2,0,0
1999,unlawful_detainer,monetary_judgment,historical_pre_2000,description,17,9,10,1,0,0
1999,family_multi_order,default_judgment,historical_pre_2000,description,10,0,1,1,0,0
1999,unlawful_detainer,default_judgment,historical_pre_2000,description,5,0,0,0,0,0
1999,probate,judgment,historical_pre_2000,description,3,0,0,0,0,0
1999,family_multi_order,amended_judgment,historical_pre_2000,description,2,0,0,0,0,0
1999,civil_general,declaratory/injunctive,historical_pre_2000,description,1,0,1,1,0,0
1999,civil_general,possession,historical_pre_2000,description,1,1,1,0,0,0
1999,unknown,take_nothing,unknown_period,description,1,1,1,0,0,0
2000,civil_general,monetary_judgment,legacy_2000_2013,description,2150,2149,2150,1,0,0
2000,small_claims,monetary_judgment,legacy_2000_2013,description,1989,1989,1989,0,0,0
2000,small_claims,judgment,legacy_2000_2013,description,1676,0,7,7,0,0
2000,unlawful_detainer,judgment,legacy_2000_2013,description,1098,0,19,19,0,0
2000,civil_general,monetary_judgment,historical_pre_2000,description,954,953,954,1,0,0
2000,unlawful_detainer,possession,legacy_2000_2013,description,675,421,435,14,0,0
2000,small_claims,monetary_judgment,historical_pre_2000,description,553,553,553,0,0,0
2000,small_claims,judgment,historical_pre_2000,description,470,0,6,6,0,0
2000,civil_general,judgment,historical_pre_2000,description,430,1,18,17,0,0
2000,small_claims,amended_judgment,historical_pre_2000,description,250,187,204,17,0,0
2000,unlawful_detainer,possession,historical_pre_2000,description,213,160,166,6,0,0
2000,civil_general,judgment,legacy_2000_2013,description,135,0,0,0,0,0
2000,family_multi_order,judgment,historical_pre_2000,description,97,0,9,9,0,0
2000,unlawful_detainer,judgment,historical_pre_2000,description,96,1,5,4,0,0
2000,civil_general,take_nothing,historical_pre_2000,description,58,21,24,3,0,0
2000,family_multi_order,judgment,legacy_2000_2013,description,44,0,3,3,0,0
2000,small_claims,amended_judgment,legacy_2000_2013,description,43,39,40,1,0,0
2000,writ_or_mandate,judgment,legacy_2000_2013,description,37,0,0,0,0,0
2000,writ_or_mandate,judgment,historical_pre_2000,description,35,0,2,2,0,0
2000,unlawful_detainer,take_nothing,legacy_2000_2013,description,28,12,13,1,0,0
2000,civil_general,default_judgment,historical_pre_2000,description,25,0,1,1,0,0
2000,unlawful_detainer,take_nothing,historical_pre_2000,description,17,10,11,1,0,0
2000,unlawful_detainer,amended_judgment,legacy_2000_2013,description,13,8,8,0,0,0
2000,civil_general,amended_judgment,historical_pre_2000,description,12,6,6,0,0,0
2000,unlawful_detainer,monetary_judgment,legacy_2000_2013,description,10,8,8,0,0,0
2000,unlawful_detainer,default_judgment,legacy_2000_2013,description,9,0,4,4,0,0
2000,unlawful_detainer,amended_judgment,historical_pre_2000,description,8,5,5,0,0,0
2000,civil_general,default_judgment,legacy_2000_2013,description,4,0,0,0,0,0
2000,civil_general,take_nothing,legacy_2000_2013,description,4,1,2,1,0,0
2000,unlawful_detainer,monetary_judgment,historical_pre_2000,description,4,4,4,0,0,0
2000,civil_general,amended_judgment,legacy_2000_2013,description,3,3,3,0,0,0
2000,family_domestic_violence,possession,historical_pre_2000,description,3,0,0,0,0,0
2000,family_multi_order,default_judgment,historical_pre_2000,description,3,0,0,0,0,0
2000,probate,judgment,historical_pre_2000,description,3,0,0,0,0,0
2000,civil_general,possession,legacy_2000_2013,description,2,1,1,0,0,0
2000,family_multi_order,amended_judgment,historical_pre_2000,description,2,0,0,0,0,0
2000,writ_or_mandate,default_judgment,historical_pre_2000,description,2,0,0,0,0,0
2000,family_domestic_violence,judgment,historical_pre_2000,description,1,0,0,0,0,0
2000,probate,judgment,legacy_2000_2013,description,1,0,0,0,0,0
2001,civil_general,monetary_judgment,legacy_2000_2013,description,2867,2864,2865,1,0,0
2001,small_claims,monetary_judgment,legacy_2000_2013,description,2653,2653,2653,0,0,0
2001,small_claims,judgment,legacy_2000_2013,description,1690,2,16,14,0,0
2001,unlawful_detainer,judgment,legacy_2000_2013,description,1219,0,17,17,0,0
2001,unlawful_detainer,possession,legacy_2000_2013,description,754,513,529,16,0,0
2001,family_multi_order,judgment,legacy_2000_2013,description,579,0,1,1,0,0
2001,writ_or_mandate,monetary_judgment,legacy_2000_2013,description,307,307,307,0,0,0
2001,civil_general,judgment,legacy_2000_2013,description,305,1,14,13,0,0
2001,small_claims,amended_judgment,legacy_2000_2013,description,224,174,188,14,0,0
2001,civil_general,monetary_judgment,historical_pre_2000,description,177,177,177,0,0,0
2001,family_multi_order,judgment,historical_pre_2000,description,148,1,1,0,0,0
2001,civil_general,judgment,historical_pre_2000,description,113,0,6,6,0,0
2001,small_claims,amended_judgment,historical_pre_2000,description,43,32,34,2,0,0
2001,unlawful_detainer,amended_judgment,legacy_2000_2013,description,38,23,24,1,0,0
2001,writ_or_mandate,judgment,legacy_2000_2013,description,33,0,1,1,0,0
2001,civil_general,take_nothing,legacy_2000_2013,description,30,4,5,1,0,0
2001,unlawful_detainer,take_nothing,legacy_2000_2013,description,27,13,15,2,0,0
2001,civil_general,default_judgment,legacy_2000_2013,description,26,0,1,1,0,0
2001,small_claims,judgment,historical_pre_2000,description,19,0,0,0,0,0
2001,civil_general,take_nothing,historical_pre_2000,description,18,6,6,0,0,0
2001,unlawful_detainer,possession,historical_pre_2000,description,15,8,9,1,0,0
2001,small_claims,monetary_judgment,historical_pre_2000,description,14,14,14,0,0,0
2001,unlawful_detainer,monetary_judgment,legacy_2000_2013,description,14,12,13,1,0,0
2001,civil_general,amended_judgment,legacy_2000_2013,description,12,8,8,0,0,0
2001,writ_or_mandate,judgment,historical_pre_2000,description,8,0,0,0,0,0
2001,civil_general,amended_judgment,historical_pre_2000,description,7,3,4,1,0,0
2001,civil_general,possession,legacy_2000_2013,description,6,2,2,0,0,0
2001,family_multi_order,default_judgment,historical_pre_2000,description,6,0,1,1,0,0
2001,civil_general,default_judgment,historical_pre_2000,description,5,0,0,0,0,0
2001,unlawful_detainer,default_judgment,legacy_2000_2013,description,4,0,0,0,0,0
2001,writ_or_mandate,monetary_judgment,historical_pre_2000,description,4,4,4,0,0,0
2001,family_domestic_violence,judgment,legacy_2000_2013,description,3,0,0,0,0,0
2001,family_multi_order,default_judgment,legacy_2000_2013,description,3,0,0,0,0,0
2001,probate,amended_judgment,legacy_2000_2013,description,3,0,0,0,0,0
2001,family_domestic_violence,judgment,historical_pre_2000,description,2,0,0,0,0,0
2001,unlawful_detainer,monetary_judgment,historical_pre_2000,description,2,2,2,0,0,0
2001,criminal,judgment,legacy_2000_2013,description,1,0,0,0,0,0
2001,family_multi_order,amended_judgment,historical_pre_2000,description,1,0,0,0,0,0
2001,probate,amended_judgment,historical_pre_2000,description,1,0,0,0,0,0
2001,probate,judgment,legacy_2000_2013,description,1,0,0,0,0,0
2001,small_claims,take_nothing,legacy_2000_2013,description,1,0,0,0,0,0
2001,unlawful_detainer,amended_judgment,historical_pre_2000,description,1,0,0,0,0,0
2001,writ_or_mandate,amended_judgment,legacy_2000_2013,description,1,1,1,0,0,0
2002,civil_general,monetary_judgment,legacy_2000_2013,description,3089,3089,3089,0,0,0
2002,small_claims,monetary_judgment,legacy_2000_2013,description,2822,2822,2822,0,0,0
2002,small_claims,judgment,legacy_2000_2013,description,1575,0,10,10,0,0
2002,civil_general,judgment,legacy_2000_2013,description,1307,2,47,45,0,0
2002,unlawful_detainer,judgment,legacy_2000_2013,description,1263,4,31,27,0,0
2002,writ_or_mandate,monetary_judgment,legacy_2000_2013,description,1249,1249,1249,0,0,0
2002,civil_general,monetary_judgment,historical_pre_2000,description,686,686,686,0,0,0
2002,unlawful_detainer,possession,legacy_2000_2013,description,514,408,417,9,0,0
2002,small_claims,amended_judgment,legacy_2000_2013,description,289,213,229,16,0,0
2002,unlawful_detainer,amended_judgment,legacy_2000_2013,description,170,90,105,15,0,0
2002,unlawful_detainer,monetary_judgment,legacy_2000_2013,description,110,109,110,1,0,0
2002,writ_or_mandate,judgment,legacy_2000_2013,description,108,0,3,3,0,0
2002,civil_general,judgment,historical_pre_2000,description,102,0,8,8,0,0
2002,family_multi_order,judgment,legacy_2000_2013,description,72,0,0,0,0,0
2002,civil_general,take_nothing,legacy_2000_2013,description,69,6,9,3,0,0
2002,writ_or_mandate,judgment,historical_pre_2000,description,34,0,0,0,0,0
2002,civil_general,amended_judgment,legacy_2000_2013,description,30,22,25,3,0,0
2002,writ_or_mandate,monetary_judgment,historical_pre_2000,description,24,24,24,0,0,0
2002,civil_general,take_nothing,historical_pre_2000,description,18,2,2,0,0,0
2002,civil_general,default_judgment,legacy_2000_2013,description,17,0,1,1,0,0
2002,civil_general,amended_judgment,historical_pre_2000,description,11,2,5,3,0,0
2002,unlawful_detainer,take_nothing,legacy_2000_2013,description,11,0,0,0,0,0
2002,family_multi_order,judgment,historical_pre_2000,description,6,0,0,0,0,0
2002,small_claims,judgment,historical_pre_2000,description,6,0,0,0,0,0
2002,small_claims,monetary_judgment,historical_pre_2000,description,6,6,6,0,0,0
2002,unlawful_detainer,possession,historical_pre_2000,description,6,0,0,0,0,0
2002,civil_general,declaratory/injunctive,legacy_2000_2013,description,3,0,0,0,0,0
2002,civil_general,default_judgment,historical_pre_2000,description,3,0,0,0,0,0
2002,family_multi_order,amended_judgment,historical_pre_2000,description,3,0,0,0,0,0
2002,small_claims,take_nothing,legacy_2000_2013,description,3,2,3,1,0,0
2002,unlawful_detainer,default_judgment,legacy_2000_2013,description,3,0,0,0,0,0
2002,unlawful_detainer,monetary_judgment,historical_pre_2000,description,3,3,3,0,0,0
2002,civil_general,possession,legacy_2000_2013,description,2,1,1,0,0,0
2002,criminal,judgment,legacy_2000_2013,description,2,0,0,0,0,0
2002,family_domestic_violence,judgment,legacy_2000_2013,description,2,0,0,0,0,0
2002,unlawful_detainer,amended_judgment,historical_pre_2000,description,2,0,0,0,0,0
2002,unlawful_detainer,judgment,historical_pre_2000,description,2,1,1,0,0,0
2002,civil_general,declaratory/injunctive,historical_pre_2000,description,1,0,0,0,0,0
2002,criminal,judgment,legacy_2000_2013,docketEntryComment,1,0,0,0,0,0
2002,family_domestic_violence,default_judgment,historical_pre_2000,description,1,0,0,0,0,0
2002,family_multi_order,amended_judgment,legacy_2000_2013,description,1,0,0,0,0,0
2002,probate,judgment,historical_pre_2000,description,1,0,0,0,0,0
2002,probate,judgment,legacy_2000_2013,description,1,0,0,0,0,0
2002,small_claims,amended_judgment,historical_pre_2000,description,1,1,1,0,0,0
2002,unknown,monetary_judgment,legacy_2000_2013,description,1,1,1,0,0,0
2002,unlawful_detainer,declaratory/injunctive,legacy_2000_2013,description,1,0,0,0,0,0
2002,writ_or_mandate,amended_judgment,legacy_2000_2013,description,1,0,0,0,0,0
2002,writ_or_mandate,take_nothing,historical_pre_2000,description,1,0,0,0,0,0
2002,writ_or_mandate,take_nothing,legacy_2000_2013,description,1,0,0,0,0,0
2003,civil_general,monetary_judgment,legacy_2000_2013,description,2867,2867,2867,0,0,0
2003,small_claims,monetary_judgment,legacy_2000_2013,description,2751,2746,2751,5,0,0
2003,unlawful_detainer,judgment,legacy_2000_2013,description,1569,1,19,18,0,0
2003,small_claims,judgment,legacy_2000_2013,description,1461,0,21,21,0,0
2003,civil_general,judgment,legacy_2000_2013,description,1228,4,42,38,0,0
2003,writ_or_mandate,monetary_judgment,legacy_2000_2013,description,1073,1073,1073,0,0,0
2003,unlawful_detainer,possession,legacy_2000_2013,description,492,399,410,11,0,0
2003,small_claims,amended_judgment,legacy_2000_2013,description,320,241,249,8,0,0
2003,civil_general,take_nothing,legacy_2000_2013,description,199,15,22,7,0,0
2003,unlawful_detainer,monetary_judgment,legacy_2000_2013,description,173,171,173,2,0,0
2003,writ_or_mandate,judgment,legacy_2000_2013,description,133,2,6,4,0,0
2003,civil_general,amended_judgment,legacy_2000_2013,description,42,32,35,3,0,0
2003,civil_general,judgment,historical_pre_2000,description,41,0,4,4,0,0
2003,unlawful_detainer,amended_judgment,legacy_2000_2013,description,36,25,25,0,0,0
2003,civil_general,monetary_judgment,historical_pre_2000,description,21,21,21,0,0,0
2003,writ_or_mandate,judgment,historical_pre_2000,description,17,0,0,0,0,0
2003,civil_general,take_nothing,historical_pre_2000,description,12,3,4,1,0,0
2003,small_claims,take_nothing,legacy_2000_2013,description,11,5,6,1,0,0
2003,family_multi_order,judgment,legacy_2000_2013,description,10,0,0,0,0,0
2003,civil_general,default_judgment,legacy_2000_2013,description,9,0,0,0,0,0
2003,civil_general,amended_judgment,historical_pre_2000,description,7,3,4,1,0,0
2003,probate,judgment,legacy_2000_2013,description,6,0,0,0,0,0
2003,unlawful_detainer,default_judgment,legacy_2000_2013,description,5,0,0,0,0,0
2003,unlawful_detainer,take_nothing,legacy_2000_2013,description,5,0,1,1,0,0
2003,writ_or_mandate,amended_judgment,legacy_2000_2013,description,5,3,3,0,0,0
2003,probate,judgment,historical_pre_2000,description,4,0,1,1,0,0
2003,small_claims,monetary_judgment,historical_pre_2000,description,4,4,4,0,0,0
2003,civil_general,declaratory/injunctive,legacy_2000_2013,description,3,0,0,0,0,0
2003,writ_or_mandate,take_nothing,legacy_2000_2013,description,3,1,1,0,0,0
2003,family_multi_order,amended_judgment,historical_pre_2000,description,2,0,0,0,0,0
2003,family_multi_order,default_judgment,legacy_2000_2013,description,2,0,0,0,0,0
2003,family_multi_order,judgment,historical_pre_2000,description,2,0,0,0,0,0
2003,small_claims,judgment,historical_pre_2000,description,2,0,0,0,0,0
2003,civil_general,possession,historical_pre_2000,description,1,1,1,0,0,0
2003,criminal,judgment,legacy_2000_2013,description,1,0,0,0,0,0
2003,small_claims,amended_judgment,historical_pre_2000,description,1,1,1,0,0,0
2003,writ_or_mandate,monetary_judgment,historical_pre_2000,description,1,1,1,0,0,0
2004,civil_general,monetary_judgment,legacy_2000_2013,description,3166,3166,3166,0,0,0
2004,small_claims,monetary_judgment,legacy_2000_2013,description,2479,2479,2479,0,0,0
2004,unlawful_detainer,judgment,legacy_2000_2013,description,1728,0,7,7,0,0
2004,small_claims,judgment,legacy_2000_2013,description,1136,0,23,23,0,0
2004,civil_general,judgment,legacy_2000_2013,description,971,10,75,65,0,0
2004,unlawful_detainer,possession,legacy_2000_2013,description,547,447,454,7,0,0
2004,writ_or_mandate,monetary_judgment,legacy_2000_2013,description,422,422,422,0,0,0
2004,small_claims,amended_judgment,legacy_2000_2013,description,287,218,228,10,0,0
2004,civil_general,take_nothing,legacy_2000_2013,description,176,22,31,9,0,0
2004,writ_or_mandate,judgment,legacy_2000_2013,description,155,2,18,16,0,0
2004,unlawful_detainer,monetary_judgment,legacy_2000_2013,description,138,138,138,0,0,0
2004,civil_general,amended_judgment,legacy_2000_2013,description,49,29,35,6,0,0
2004,writ_or_mandate,judgment,historical_pre_2000,description,43,0,6,6,0,0
2004,unlawful_detainer,amended_judgment,legacy_2000_2013,description,25,16,16,0,0,0
2004,civil_general,judgment,historical_pre_2000,description,22,0,3,3,0,0
2004,civil_general,monetary_judgment,historical_pre_2000,description,14,14,14,0,0,0
2004,family_multi_order,judgment,legacy_2000_2013,description,13,0,0,0,0,0
2004,small_claims,take_nothing,legacy_2000_2013,description,13,8,8,0,0,0
2004,civil_general,default_judgment,legacy_2000_2013,description,11,0,2,2,0,0
2004,probate,judgment,legacy_2000_2013,description,8,0,2,2,0,0
2004,civil_general,amended_judgment,historical_pre_2000,description,7,4,5,1,0,0
2004,writ_or_mandate,take_nothing,legacy_2000_2013,description,7,1,1,0,0,0
2004,writ_or_mandate,amended_judgment,legacy_2000_2013,description,6,4,5,1,0,0
2004,civil_general,take_nothing,historical_pre_2000,description,5,1,1,0,0,0
2004,unlawful_detainer,default_judgment,legacy_2000_2013,description,5,0,0,0,0,0
2004,unlawful_detainer,take_nothing,legacy_2000_2013,description,4,0,0,0,0,0
2004,writ_or_mandate,monetary_judgment,historical_pre_2000,description,4,4,4,0,0,0
2004,civil_general,possession,legacy_2000_2013,description,3,1,1,0,0,0
2004,family_multi_order,default_judgment,historical_pre_2000,description,2,0,0,0,0,0
2004,family_multi_order,default_judgment,legacy_2000_2013,description,2,0,0,0,0,0
2004,family_multi_order,judgment,historical_pre_2000,description,2,0,0,0,0,0
2004,family_multi_order,amended_judgment,historical_pre_2000,description,1,0,0,0,0,0
2004,family_multi_order,amended_judgment,legacy_2000_2013,description,1,0,0,0,0,0
2004,probate,amended_judgment,legacy_2000_2013,description,1,0,1,1,0,0
2004,probate,judgment,historical_pre_2000,description,1,0,0,0,0,0
2004,probate,take_nothing,legacy_2000_2013,description,1,0,0,0,0,0
2004,small_claims,judgment,historical_pre_2000,description,1,0,0,0,0,0
2004,small_claims,monetary_judgment,historical_pre_2000,description,1,1,1,0,0,0
2004,unlawful_detainer,monetary_judgment,historical_pre_2000,description,1,1,1,0,0,0
2005,civil_general,monetary_judgment,legacy_2000_2013,description,3083,3082,3082,0,0,0
2005,small_claims,monetary_judgment,legacy_2000_2013,description,2221,2221,2221,0,0,0
2005,unlawful_detainer,judgment,legacy_2000_2013,description,1515,0,3,3,0,0
2005,small_claims,judgment,legacy_2000_2013,description,1012,1,32,31,0,0
2005,civil_general,judgment,legacy_2000_2013,description,965,7,58,51,0,0
2005,unlawful_detainer,possession,legacy_2000_2013,description,479,369,374,5,0,0
2005,writ_or_mandate,monetary_judgment,legacy_2000_2013,description,415,415,415,0,0,0
2005,civil_general,take_nothing,legacy_2000_2013,description,252,16,25,9,0,0
2005,small_claims,amended_judgment,legacy_2000_2013,description,234,169,179,10,0,0
2005,writ_or_mandate,judgment,legacy_2000_2013,description,142,5,82,77,0,0
2005,unlawful_detainer,monetary_judgment,legacy_2000_2013,description,95,94,95,1,0,0
2005,unlawful_detainer,amended_judgment,legacy_2000_2013,description,76,65,65,0,0,0
2005,civil_general,amended_judgment,legacy_2000_2013,description,53,37,42,5,0,0
2005,writ_or_mandate,judgment,historical_pre_2000,description,47,0,47,47,0,0
2005,writ_or_mandate,take_nothing,legacy_2000_2013,description,26,5,6,1,0,0
2005,civil_general,judgment,historical_pre_2000,description,16,0,2,2,0,0
2005,civil_general,take_nothing,historical_pre_2000,description,13,3,3,0,0,0
2005,unlawful_detainer,take_nothing,legacy_2000_2013,description,13,1,3,2,0,0
2005,family_multi_order,judgment,legacy_2000_2013,description,12,0,0,0,0,0
2005,probate,judgment,legacy_2000_2013,description,9,0,0,0,0,0
2005,civil_general,monetary_judgment,historical_pre_2000,description,7,7,7,0,0,0
2005,writ_or_mandate,amended_judgment,legacy_2000_2013,description,7,5,5,0,0,0
2005,small_claims,take_nothing,legacy_2000_2013,description,4,0,0,0,0,0
2005,civil_general,declaratory/injunctive,legacy_2000_2013,description,3,0,1,1,0,0
2005,unlawful_detainer,judgment,historical_pre_2000,description,3,0,0,0,0,0
2005,civil_general,default_judgment,legacy_2000_2013,description,2,0,0,0,0,0
2005,family_multi_order,amended_judgment,legacy_2000_2013,description,2,0,0,0,0,0
2005,probate,monetary_judgment,legacy_2000_2013,description,2,2,2,0,0,0
2005,civil_general,amended_judgment,historical_pre_2000,description,1,1,1,0,0,0
2005,family_multi_order,amended_judgment,historical_pre_2000,description,1,0,0,0,0,0
2005,family_multi_order,default_judgment,legacy_2000_2013,description,1,0,0,0,0,0
2005,probate,amended_judgment,legacy_2000_2013,description,1,0,0,0,0,0
2005,probate,default_judgment,legacy_2000_2013,description,1,0,0,0,0,0
2005,unlawful_detainer,default_judgment,legacy_2000_2013,description,1,0,0,0,0,0
2005,unlawful_detainer,possession,historical_pre_2000,description,1,1,1,0,0,0
2005,writ_or_mandate,amended_judgment,historical_pre_2000,description,1,0,1,1,0,0
2006,civil_general,monetary_judgment,legacy_2000_2013,description,3723,3723,3723,0,0,0
2006,small_claims,monetary_judgment,legacy_2000_2013,description,2029,2029,2029,0,0,0
2006,unlawful_detainer,judgment,legacy_2000_2013,description,1232,0,2,2,0,0
2006,small_claims,judgment,legacy_2000_2013,description,1102,0,11,11,0,0
2006,civil_general,judgment,legacy_2000_2013,description,1061,15,37,22,0,0
2006,unlawful_detainer,possession,legacy_2000_2013,description,434,332,337,5,0,0
2006,writ_or_mandate,monetary_judgment,legacy_2000_2013,description,370,370,370,0,0,0
2006,civil_general,take_nothing,legacy_2000_2013,description,217,17,20,3,0,0
2006,small_claims,amended_judgment,legacy_2000_2013,description,215,173,179,6,0,0
2006,writ_or_mandate,judgment,legacy_2000_2013,description,131,3,82,79,0,0
2006,civil_general,amended_judgment,legacy_2000_2013,description,80,67,72,5,0,0
2006,unlawful_detainer,monetary_judgment,legacy_2000_2013,description,74,74,74,0,0,0
2006,unlawful_detainer,amended_judgment,legacy_2000_2013,description,46,40,40,0,0,0
2006,family_multi_order,judgment,legacy_2000_2013,description,31,0,0,0,0,0
2006,writ_or_mandate,judgment,historical_pre_2000,description,17,0,15,15,0,0
2006,writ_or_mandate,take_nothing,legacy_2000_2013,description,13,4,4,0,0,0
2006,civil_general,judgment,historical_pre_2000,description,10,0,0,0,0,0
2006,civil_general,amended_judgment,historical_pre_2000,description,5,1,1,0,0,0
2006,probate,judgment,legacy_2000_2013,description,5,0,0,0,0,0
2006,unlawful_detainer,take_nothing,legacy_2000_2013,description,5,1,1,0,0,0
2006,civil_general,monetary_judgment,historical_pre_2000,description,4,4,4,0,0,0
2006,civil_general,take_nothing,historical_pre_2000,description,4,1,1,0,0,0
2006,family_multi_order,amended_judgment,legacy_2000_2013,description,4,0,0,0,0,0
2006,small_claims,take_nothing,legacy_2000_2013,description,4,1,1,0,0,0
2006,writ_or_mandate,amended_judgment,legacy_2000_2013,description,4,3,3,0,0,0
2006,civil_general,default_judgment,legacy_2000_2013,description,2,1,1,0,0,0
2006,probate,amended_judgment,legacy_2000_2013,description,2,0,0,0,0,0
2006,criminal,judgment,legacy_2000_2013,description,1,0,0,0,0,0
2006,family_multi_order,judgment,historical_pre_2000,description,1,0,0,0,0,0
2007,civil_general,monetary_judgment,legacy_2000_2013,description,3712,3712,3712,0,0,0
2007,small_claims,monetary_judgment,legacy_2000_2013,description,2019,2019,2019,0,0,0
2007,unlawful_detainer,judgment,legacy_2000_2013,description,1271,0,3,3,0,0
2007,small_claims,judgment,legacy_2000_2013,description,1128,0,14,14,0,0
2007,civil_general,judgment,legacy_2000_2013,description,749,1,20,19,0,0
2007,unlawful_detainer,possession,legacy_2000_2013,description,420,320,325,5,0,0
2007,writ_or_mandate,monetary_judgment,legacy_2000_2013,description,408,408,408,0,0,0
2007,civil_general,take_nothing,legacy_2000_2013,description,179,22,25,3,0,0
2007,small_claims,amended_judgment,legacy_2000_2013,description,110,81,83,2,0,0
2007,writ_or_mandate,judgment,legacy_2000_2013,description,91,0,55,55,0,0
2007,unlawful_detainer,monetary_judgment,legacy_2000_2013,description,87,87,87,0,0,0
2007,civil_general,amended_judgment,legacy_2000_2013,description,74,57,63,6,0,0
2007,family_multi_order,judgment,legacy_2000_2013,description,17,0,0,0,0,0
2007,unlawful_detainer,amended_judgment,legacy_2000_2013,description,17,14,14,0,0,0
2007,writ_or_mandate,take_nothing,legacy_2000_2013,description,17,1,1,0,0,0
2007,unlawful_detainer,take_nothing,legacy_2000_2013,description,7,1,1,0,0,0
2007,civil_general,judgment,historical_pre_2000,description,5,0,1,1,0,0
2007,writ_or_mandate,judgment,historical_pre_2000,description,5,0,5,5,0,0
2007,civil_general,default_judgment,legacy_2000_2013,description,4,0,0,0,0,0
2007,small_claims,take_nothing,legacy_2000_2013,description,4,2,2,0,0,0
2007,civil_general,amended_judgment,historical_pre_2000,description,3,1,1,0,0,0
2007,family_multi_order,amended_judgment,legacy_2000_2013,description,3,0,0,0,0,0
2007,writ_or_mandate,amended_judgment,legacy_2000_2013,description,3,1,2,1,0,0
2007,family_multi_order,amended_judgment,historical_pre_2000,description,2,0,0,0,0,0
2007,probate,judgment,legacy_2000_2013,description,2,0,0,0,0,0
2007,probate,monetary_judgment,legacy_2000_2013,description,2,2,2,0,0,0
2007,civil_general,declaratory/injunctive,legacy_2000_2013,description,1,0,0,0,0,0
2007,civil_general,monetary_judgment,historical_pre_2000,description,1,1,1,0,0,0
2007,civil_general,take_nothing,historical_pre_2000,description,1,0,0,0,0,0
2007,family_multi_order,default_judgment,historical_pre_2000,description,1,0,0,0,0,0
2007,family_multi_order,default_judgment,legacy_2000_2013,description,1,0,0,0,0,0
2007,family_multi_order,judgment,historical_pre_2000,description,1,0,0,0,0,0
2007,probate,declaratory/injunctive,legacy_2000_2013,description,1,0,0,0,0,0
2007,probate,monetary_judgment,historical_pre_2000,description,1,1,1,0,0,0
2007,probate,possession,legacy_2000_2013,description,1,0,0,0,0,0
2007,writ_or_mandate,amended_judgment,historical_pre_2000,description,1,1,1,0,0,0
2007,writ_or_mandate,default_judgment,legacy_2000_2013,description,1,0,0,0,0,0
2008,civil_general,monetary_judgment,legacy_2000_2013,description,4236,4236,4236,0,0,0
2008,small_claims,monetary_judgment,legacy_2000_2013,description,1754,1754,1754,0,0,0
2008,unlawful_detainer,judgment,legacy_2000_2013,description,1127,0,4,4,0,0
2008,small_claims,judgment,legacy_2000_2013,description,684,1,18,17,0,0
2008,writ_or_mandate,monetary_judgment,legacy_2000_2013,description,646,646,646,0,0,0
2008,unlawful_detainer,possession,legacy_2000_2013,description,494,366,371,5,0,0
2008,civil_general,judgment,legacy_2000_2013,description,478,8,31,23,0,0
2008,civil_general,take_nothing,legacy_2000_2013,description,183,19,22,3,0,0
2008,writ_or_mandate,judgment,legacy_2000_2013,description,88,0,61,61,0,0
2008,unlawful_detainer,monetary_judgment,legacy_2000_2013,description,81,80,81,1,0,0
2008,civil_general,amended_judgment,legacy_2000_2013,description,76,57,59,2,0,0
2008,unlawful_detainer,amended_judgment,legacy_2000_2013,description,39,35,35,0,0,0
2008,small_claims,amended_judgment,legacy_2000_2013,description,28,26,26,0,0,0
2008,family_multi_order,judgment,legacy_2000_2013,description,20,0,0,0,0,0
2008,writ_or_mandate,take_nothing,legacy_2000_2013,description,18,3,3,0,0,0
2008,writ_or_mandate,amended_judgment,legacy_2000_2013,description,13,11,11,0,0,0
2008,family_multi_order,amended_judgment,legacy_2000_2013,description,5,0,0,0,0,0
2008,civil_general,monetary_judgment,historical_pre_2000,description,4,4,4,0,0,0
2008,civil_general,declaratory/injunctive,legacy_2000_2013,description,3,1,1,0,0,0
2008,civil_general,default_judgment,legacy_2000_2013,description,3,0,0,0,0,0
2008,criminal,judgment,legacy_2000_2013,description,3,0,1,1,0,0
2008,unlawful_detainer,take_nothing,legacy_2000_2013,description,3,1,1,0,0,0
2008,civil_general,judgment,historical_pre_2000,description,2,0,1,1,0,0
2008,probate,judgment,legacy_2000_2013,description,2,0,0,0,0,0
2008,writ_or_mandate,judgment,historical_pre_2000,description,2,0,2,2,0,0
2008,civil_general,amended_judgment,historical_pre_2000,description,1,0,0,0,0,0
2008,civil_general,possession,legacy_2000_2013,description,1,0,0,0,0,0
2008,family_multi_order,declaratory/injunctive,legacy_2000_2013,description,1,0,0,0,0,0
2008,probate,amended_judgment,historical_pre_2000,description,1,1,1,0,0,0
2008,probate,judgment,historical_pre_2000,description,1,0,0,0,0,0
2008,probate,monetary_judgment,legacy_2000_2013,description,1,1,1,0,0,0
2008,probate,take_nothing,legacy_2000_2013,description,1,0,0,0,0,0
2008,small_claims,take_nothing,legacy_2000_2013,description,1,0,0,0,0,0
2008,unlawful_detainer,default_judgment,legacy_2000_2013,description,1,0,0,0,0,0
2008,writ_or_mandate,amended_judgment,historical_pre_2000,description,1,0,1,1,0,0
2009,civil_general,monetary_judgment,legacy_2000_2013,description,3871,3871,3871,0,0,0
2009,small_claims,monetary_judgment,legacy_2000_2013,description,2020,2020,2020,0,0,0
2009,unlawful_detainer,judgment,legacy_2000_2013,description,904,0,0,0,0,0
2009,small_claims,judgment,legacy_2000_2013,description,773,0,19,19,0,0
2009,writ_or_mandate,monetary_judgment,legacy_2000_2013,description,448,447,448,1,0,0
2009,civil_general,judgment,legacy_2000_2013,description,426,7,26,19,0,0
2009,unlawful_detainer,possession,legacy_2000_2013,description,373,242,246,4,0,0
2009,civil_general,take_nothing,legacy_2000_2013,description,178,30,35,5,0,0
2009,writ_or_mandate,judgment,legacy_2000_2013,description,99,0,73,73,0,0
2009,civil_general,amended_judgment,legacy_2000_2013,description,78,62,68,6,0,0
2009,unlawful_detainer,monetary_judgment,legacy_2000_2013,description,53,53,53,0,0,0
2009,small_claims,amended_judgment,legacy_2000_2013,description,51,47,48,1,0,0
2009,unlawful_detainer,amended_judgment,legacy_2000_2013,description,35,29,29,0,0,0
2009,family_multi_order,judgment,legacy_2000_2013,description,26,0,0,0,0,0
2009,writ_or_mandate,take_nothing,legacy_2000_2013,description,15,4,4,0,0,0
2009,unlawful_detainer,take_nothing,legacy_2000_2013,description,5,0,1,1,0,0
2009,family_multi_order,amended_judgment,legacy_2000_2013,description,4,0,0,0,0,0
2009,writ_or_mandate,amended_judgment,legacy_2000_2013,description,3,3,3,0,0,0
2009,civil_general,declaratory/injunctive,legacy_2000_2013,description,2,0,0,0,0,0
2009,probate,amended_judgment,legacy_2000_2013,description,2,0,2,2,0,0
2009,small_claims,take_nothing,legacy_2000_2013,description,2,1,1,0,0,0
2009,writ_or_mandate,judgment,historical_pre_2000,description,2,0,2,2,0,0
2009,civil_general,default_judgment,legacy_2000_2013,description,1,0,0,0,0,0
2009,civil_general,monetary_judgment,historical_pre_2000,description,1,1,1,0,0,0
2009,criminal,judgment,legacy_2000_2013,description,1,0,1,1,0,0
2009,probate,default_judgment,legacy_2000_2013,description,1,0,0,0,0,0
2009,probate,monetary_judgment,legacy_2000_2013,description,1,1,1,0,0,0
2009,small_claims,monetary_judgment,historical_pre_2000,description,1,1,1,0,0,0
2010,civil_general,monetary_judgment,legacy_2000_2013,description,3228,3228,3228,0,0,0
2010,small_claims,monetary_judgment,legacy_2000_2013,description,1957,1957,1957,0,0,0
2010,unlawful_detainer,judgment,legacy_2000_2013,description,923,0,3,3,0,0
2010,small_claims,judgment,legacy_2000_2013,description,643,0,16,16,0,0
2010,writ_or_mandate,monetary_judgment,legacy_2000_2013,description,428,428,428,0,0,0
2010,civil_general,judgment,legacy_2000_2013,description,427,9,27,18,0,0
2010,unlawful_detainer,possession,legacy_2000_2013,description,364,246,248,2,0,0
2010,small_claims,amended_judgment,legacy_2000_2013,description,225,223,223,0,0,0
2010,civil_general,take_nothing,legacy_2000_2013,description,157,30,32,2,0,0
2010,writ_or_mandate,judgment,legacy_2000_2013,description,123,1,83,82,0,0
2010,civil_general,amended_judgment,legacy_2000_2013,description,65,48,48,0,0,0
2010,unlawful_detainer,monetary_judgment,legacy_2000_2013,description,37,37,37,0,0,0
2010,unlawful_detainer,amended_judgment,legacy_2000_2013,description,32,23,23,0,0,0
2010,family_multi_order,judgment,legacy_2000_2013,description,28,0,0,0,0,0
2010,writ_or_mandate,take_nothing,legacy_2000_2013,description,9,1,1,0,0,0
2010,family_multi_order,amended_judgment,legacy_2000_2013,description,6,0,0,0,0,0
2010,writ_or_mandate,amended_judgment,legacy_2000_2013,description,6,5,6,1,0,0
2010,small_claims,take_nothing,legacy_2000_2013,description,5,3,3,0,0,0
2010,unlawful_detainer,take_nothing,legacy_2000_2013,description,5,1,1,0,0,0
2010,civil_general,default_judgment,legacy_2000_2013,description,2,0,0,0,0,0
2010,civil_general,judgment,historical_pre_2000,description,2,0,0,0,0,0
2010,probate,judgment,historical_pre_2000,description,2,0,0,0,0,0
2010,civil_general,declaratory/injunctive,legacy_2000_2013,description,1,0,0,0,0,0
2010,civil_general,possession,legacy_2000_2013,description,1,1,1,0,0,0
2010,probate,judgment,legacy_2000_2013,description,1,0,0,0,0,0
2010,probate,monetary_judgment,legacy_2000_2013,description,1,1,1,0,0,0
2010,writ_or_mandate,judgment,historical_pre_2000,description,1,0,0,0,0,0
2011,civil_general,monetary_judgment,legacy_2000_2013,description,2579,2579,2579,0,0,0
2011,small_claims,monetary_judgment,legacy_2000_2013,description,1654,1654,1654,0,0,0
2011,unlawful_detainer,judgment,legacy_2000_2013,description,1072,1,4,3,1,0
2011,small_claims,judgment,legacy_2000_2013,description,700,4,15,11,0,0
2011,writ_or_mandate,monetary_judgment,legacy_2000_2013,description,464,464,464,0,0,0
2011,unlawful_detainer,possession,legacy_2000_2013,description,354,209,210,1,0,0
2011,civil_general,judgment,legacy_2000_2013,description,343,9,26,17,0,0
2011,civil_general,take_nothing,legacy_2000_2013,description,191,19,20,1,0,0
2011,writ_or_mandate,judgment,legacy_2000_2013,description,168,0,121,121,0,0
2011,civil_general,amended_judgment,legacy_2000_2013,description,66,40,46,6,0,0
2011,unlawful_detainer,monetary_judgment,legacy_2000_2013,description,33,33,33,0,0,0
2011,family_multi_order,judgment,legacy_2000_2013,description,29,0,0,0,0,0
2011,small_claims,amended_judgment,legacy_2000_2013,description,19,16,17,1,0,0
2011,unlawful_detainer,amended_judgment,legacy_2000_2013,description,19,12,13,1,0,0
2011,writ_or_mandate,take_nothing,legacy_2000_2013,description,7,1,2,1,0,0
2011,writ_or_mandate,amended_judgment,legacy_2000_2013,description,6,4,5,1,0,0
2011,probate,amended_judgment,legacy_2000_2013,description,3,0,0,0,0,0
2011,unlawful_detainer,take_nothing,legacy_2000_2013,description,3,0,0,0,0,0
2011,civil_general,declaratory/injunctive,legacy_2000_2013,description,2,0,0,0,0,0
2011,civil_general,judgment,historical_pre_2000,description,2,0,0,0,0,0
2011,unlawful_detainer,default_judgment,legacy_2000_2013,description,2,0,0,0,0,0
2011,civil_general,possession,legacy_2000_2013,description,1,1,1,0,0,0
2011,civil_general,take_nothing,historical_pre_2000,description,1,0,0,0,0,0
2011,family_multi_order,default_judgment,historical_pre_2000,description,1,0,0,0,0,0
2011,probate,judgment,legacy_2000_2013,description,1,0,0,0,0,0
2012,civil_general,monetary_judgment,legacy_2000_2013,description,2449,2449,2449,0,0,0
2012,small_claims,monetary_judgment,legacy_2000_2013,description,1453,1453,1453,0,0,0
2012,unlawful_detainer,judgment,legacy_2000_2013,description,806,1,1,0,0,0
2012,small_claims,judgment,legacy_2000_2013,description,699,0,9,9,0,0
2012,writ_or_mandate,monetary_judgment,legacy_2000_2013,description,443,443,443,0,0,0
2012,civil_general,judgment,legacy_2000_2013,description,380,1,20,19,0,0
2012,unlawful_detainer,possession,legacy_2000_2013,description,211,114,124,10,0,0
2012,civil_general,take_nothing,legacy_2000_2013,description,180,22,23,1,0,0
2012,writ_or_mandate,judgment,legacy_2000_2013,description,116,0,56,56,0,0
2012,unlawful_detainer,monetary_judgment,legacy_2000_2013,description,68,68,68,0,0,0
2012,civil_general,amended_judgment,legacy_2000_2013,description,66,44,47,3,0,0
2012,family_multi_order,judgment,legacy_2000_2013,description,25,0,0,0,0,0
2012,small_claims,amended_judgment,legacy_2000_2013,description,15,11,13,2,0,0
2012,writ_or_mandate,take_nothing,legacy_2000_2013,description,15,5,5,0,0,0
2012,unlawful_detainer,amended_judgment,legacy_2000_2013,description,14,10,11,1,0,0
2012,writ_or_mandate,amended_judgment,legacy_2000_2013,description,9,9,9,0,0,0
2012,family_multi_order,amended_judgment,legacy_2000_2013,description,7,0,0,0,0,0
2012,probate,judgment,legacy_2000_2013,description,5,0,1,1,0,0
2012,civil_general,default_judgment,legacy_2000_2013,description,2,0,0,0,0,0
2012,small_claims,take_nothing,legacy_2000_2013,description,2,1,1,0,0,0
2012,unlawful_detainer,take_nothing,legacy_2000_2013,description,2,0,0,0,0,0
2012,civil_general,amended_judgment,historical_pre_2000,description,1,0,0,0,0,0
2012,civil_general,possession,legacy_2000_2013,description,1,0,0,0,0,0
2012,criminal,judgment,historical_pre_2000,description,1,0,0,0,0,0
2012,criminal,judgment,historical_pre_2000,docketEntryComment,1,0,0,0,0,0
2012,family_multi_order,default_judgment,historical_pre_2000,description,1,0,0,0,0,0
2012,family_multi_order,default_judgment,legacy_2000_2013,description,1,0,0,0,0,0
2012,probate,possession,legacy_2000_2013,description,1,0,0,0,0,0
2012,probate,take_nothing,legacy_2000_2013,description,1,0,0,0,0,0
2012,unlawful_detainer,default_judgment,legacy_2000_2013,description,1,0,0,0,0,0
2013,civil_general,monetary_judgment,legacy_2000_2013,description,3158,3158,3158,0,0,0
2013,small_claims,monetary_judgment,legacy_2000_2013,description,1430,1430,1430,0,0,0
2013,small_claims,judgment,legacy_2000_2013,description,595,1,10,9,0,0
2013,unlawful_detainer,judgment,legacy_2000_2013,description,587,0,4,4,0,0
2013,writ_or_mandate,monetary_judgment,legacy_2000_2013,description,353,353,353,0,0,0
2013,civil_general,judgment,legacy_2000_2013,description,335,1,16,15,0,0
2013,unlawful_detainer,possession,legacy_2000_2013,description,202,116,120,4,0,0
2013,civil_general,take_nothing,legacy_2000_2013,description,159,15,15,0,0,0
2013,writ_or_mandate,judgment,legacy_2000_2013,description,119,0,60,60,0,0
2013,civil_general,amended_judgment,legacy_2000_2013,description,72,52,58,6,0,0
2013,unlawful_detainer,monetary_judgment,legacy_2000_2013,description,29,29,29,0,0,0
2013,family_multi_order,judgment,legacy_2000_2013,description,25,0,0,0,0,0
2013,civil_general,default_judgment,legacy_2000_2013,description,15,0,7,7,0,0
2013,writ_or_mandate,take_nothing,legacy_2000_2013,description,11,0,0,0,0,0
2013,small_claims,amended_judgment,legacy_2000_2013,description,7,7,7,0,0,0
2013,family_multi_order,default_judgment,legacy_2000_2013,description,5,0,0,0,0,0
2013,family_multi_order,amended_judgment,legacy_2000_2013,description,4,0,0,0,0,0
2013,family_multi_order,default_judgment,historical_pre_2000,description,4,0,0,0,0,0
2013,unlawful_detainer,amended_judgment,legacy_2000_2013,description,3,3,3,0,0,0
2013,small_claims,take_nothing,legacy_2000_2013,description,2,1,2,1,0,0
2013,writ_or_mandate,amended_judgment,legacy_2000_2013,description,2,1,1,0,0,0
2013,probate,amended_judgment,legacy_2000_2013,description,1,0,0,0,0,0
2013,probate,monetary_judgment,legacy_2000_2013,description,1,1,1,0,0,0
2014,civil_general,monetary_judgment,legacy_2000_2013,description,1071,1071,1071,0,0,0
2014,small_claims,monetary_judgment,portal_2014_2020,description,919,919,919,0,0,0
2014,civil_general,monetary_judgment,portal_2014_2020,description,684,684,684,0,0,0
2014,unlawful_detainer,judgment,portal_2014_2020,description,488,0,1,1,0,0
2014,small_claims,judgment,portal_2014_2020,description,434,0,2,2,0,0
2014,small_claims,monetary_judgment,legacy_2000_2013,description,370,370,370,0,0,0
2014,civil_general,judgment,legacy_2000_2013,description,309,2,9,7,0,0
2014,writ_or_mandate,monetary_judgment,portal_2014_2020,description,281,281,281,0,0,0
2014,civil_general,take_nothing,legacy_2000_2013,description,174,14,17,3,0,0
2014,small_claims,judgment,legacy_2000_2013,description,117,2,6,4,0,0
2014,unlawful_detainer,possession,portal_2014_2020,description,101,69,69,0,0,0
2014,civil_general,amended_judgment,legacy_2000_2013,description,69,49,53,4,0,0
2014,civil_general,default_judgment,legacy_2000_2013,description,63,0,0,0,0,0
2014,unlawful_detainer,possession,legacy_2000_2013,description,62,36,36,0,0,0
2014,writ_or_mandate,judgment,legacy_2000_2013,description,50,0,19,19,0,0
2014,unlawful_detainer,judgment,legacy_2000_2013,description,45,0,0,0,0,0
2014,writ_or_mandate,judgment,portal_2014_2020,description,35,0,6,6,0,0
2014,civil_general,judgment,portal_2014_2020,description,25,0,2,2,0,0
2014,family_multi_order,judgment,legacy_2000_2013,description,23,0,0,0,0,0
2014,writ_or_mandate,monetary_judgment,legacy_2000_2013,description,17,17,17,0,0,0
2014,civil_general,take_nothing,portal_2014_2020,description,7,2,2,0,0,0
2014,family_multi_order,default_judgment,historical_pre_2000,description,7,0,0,0,0,0
2014,family_multi_order,judgment,portal_2014_2020,description,7,0,0,0,0,0
2014,family_multi_order,default_judgment,legacy_2000_2013,description,5,0,0,0,0,0
2014,unlawful_detainer,monetary_judgment,legacy_2000_2013,description,5,5,5,0,0,0
2014,family_multi_order,amended_judgment,legacy_2000_2013,description,4,0,0,0,0,0
2014,writ_or_mandate,amended_judgment,legacy_2000_2013,description,4,2,3,1,0,0
2014,writ_or_mandate,amended_judgment,portal_2014_2020,description,4,0,1,1,0,0
2014,unlawful_detainer,monetary_judgment,portal_2014_2020,description,3,3,3,0,0,0
2014,writ_or_mandate,take_nothing,legacy_2000_2013,description,3,0,0,0,0,0
2014,civil_general,default_judgment,portal_2014_2020,description,2,0,0,0,0,0
2014,small_claims,amended_judgment,legacy_2000_2013,description,2,2,2,0,0,0
2014,writ_or_mandate,take_nothing,portal_2014_2020,description,2,0,0,0,0,0
2014,civil_general,declaratory/injunctive,legacy_2000_2013,description,1,0,0,0,0,0
2014,civil_general,declaratory/injunctive,portal_2014_2020,description,1,0,0,0,0,0
2014,civil_general,judgment,historical_pre_2000,description,1,0,0,0,0,0
2014,criminal,judgment,legacy_2000_2013,description,1,0,0,0,0,0
2014,small_claims,amended_judgment,portal_2014_2020,description,1,1,1,0,0,0
2014,small_claims,take_nothing,portal_2014_2020,description,1,0,0,0,0,0
2014,unlawful_detainer,default_judgment,portal_2014_2020,description,1,0,0,0,0,0
2014,unlawful_detainer,take_nothing,legacy_2000_2013,description,1,1,1,0,0,0
2014,unlawful_detainer,take_nothing,portal_2014_2020,description,1,0,0,0,0,0
