event_year,extraction_period,source_field,selected_original_events,likely_monetary_events,parsed_total_count,recognized_money_without_total_count,explicit_currency_not_recognized_count,unmarked_numeric_context_count,parsed_total_pct_of_likely_monetary
1988,historical_pre_2000,description,5929,43,17,5,0,0,39.53
1989,historical_pre_2000,description,6328,83,46,9,0,0,55.42
1989,legacy_2000_2013,description,1,1,1,0,0,0,100.0
1990,historical_pre_2000,description,7150,257,220,15,1,0,85.6
1991,historical_pre_2000,description,16264,5999,5957,20,0,0,99.3
1991,legacy_2000_2013,description,1,0,0,0,0,0,
1991,unknown_period,description,1,0,0,0,0,0,
1992,historical_pre_2000,description,19021,6463,6381,31,0,0,98.73
1992,legacy_2000_2013,description,6,0,0,0,0,0,
1993,historical_pre_2000,description,29312,8895,8567,186,0,0,96.31
1993,historical_pre_2000,docketEntryComment,4,0,0,0,0,0,
1993,legacy_2000_2013,description,3,0,0,0,0,0,
1993,unknown_period,description,1,0,0,0,0,0,
1994,historical_pre_2000,description,29255,9581,9259,278,0,0,96.64
1994,historical_pre_2000,docketEntryComment,2,0,0,0,0,0,
1994,unknown_period,description,3,0,0,0,0,0,
1995,historical_pre_2000,description,27495,8320,8019,252,1,0,96.38
1995,historical_pre_2000,docketEntryComment,8,1,0,1,0,0,0.0
1995,legacy_2000_2013,description,1,0,0,0,0,0,
1995,unknown_period,description,3,0,0,0,0,0,
1996,historical_pre_2000,description,28245,7850,7512,250,3,0,95.69
1996,historical_pre_2000,docketEntryComment,10,0,0,0,0,0,
1996,legacy_2000_2013,description,2,0,0,0,0,0,
1996,unknown_period,description,2,0,0,0,0,0,
1997,historical_pre_2000,description,26669,7254,6946,253,5,0,95.75
1997,historical_pre_2000,docketEntryComment,28,4,0,4,0,0,0.0
1997,legacy_2000_2013,description,1,0,0,0,0,0,
1997,unknown_period,description,8,0,0,0,0,0,
1998,historical_pre_2000,description,25092,6212,5868,301,2,0,94.46
1998,historical_pre_2000,docketEntryComment,4,0,0,0,0,0,
1998,legacy_2000_2013,description,3,0,0,0,0,0,
1998,unknown_period,description,13,0,0,0,0,0,
1999,historical_pre_2000,description,22481,5403,5160,184,5,0,95.5
1999,historical_pre_2000,docketEntryComment,19,2,0,2,0,0,0.0
1999,unknown_period,description,9,2,1,1,0,0,50.0
2000,historical_pre_2000,description,8444,1130,1050,55,0,0,92.92
2000,historical_pre_2000,docketEntryComment,6,0,0,0,0,0,
2000,legacy_2000_2013,description,13028,3641,3583,50,0,0,98.41
2000,legacy_2000_2013,docketEntryComment,2,0,0,0,0,0,
2000,unknown_period,description,14,1,0,1,0,0,0.0
2001,historical_pre_2000,description,2594,158,139,6,0,0,87.97
2001,historical_pre_2000,docketEntryComment,2,0,0,0,0,0,
2001,legacy_2000_2013,description,21315,5142,5041,68,0,0,98.04
2001,legacy_2000_2013,docketEntryComment,7,0,0,0,0,0,
2001,unknown_period,description,30,0,0,0,0,0,
2002,historical_pre_2000,description,2514,425,413,5,0,0,97.18
2002,historical_pre_2000,docketEntryComment,2,0,0,0,0,0,
2002,legacy_2000_2013,description,24901,5532,5396,77,0,0,97.54
2002,legacy_2000_2013,docketEntryComment,72,0,0,0,0,0,
2002,unknown_period,description,59,0,0,0,0,0,
2002,unknown_period,docketEntryComment,1,0,0,0,0,0,
2003,historical_pre_2000,description,765,20,15,3,0,0,75.0
2003,historical_pre_2000,docketEntryComment,4,0,0,0,0,0,
2003,legacy_2000_2013,description,25229,4893,4793,84,0,0,97.96
2003,legacy_2000_2013,docketEntryComment,73,0,0,0,0,0,
2003,unknown_period,description,80,0,0,0,0,0,
2003,unknown_period,docketEntryComment,3,0,0,0,0,0,
2004,historical_pre_2000,description,477,24,14,7,0,0,58.33
2004,historical_pre_2000,docketEntryComment,2,0,0,0,0,0,
2004,legacy_2000_2013,description,22382,3902,3763,129,1,0,96.44
2004,legacy_2000_2013,docketEntryComment,70,0,0,0,0,0,
2004,unknown_period,description,75,0,0,0,0,0,
2004,unknown_period,docketEntryComment,1,0,0,0,0,0,
2005,historical_pre_2000,description,256,47,1,45,0,0,2.13
2005,historical_pre_2000,docketEntryComment,1,0,0,0,0,0,
2005,legacy_2000_2013,description,20673,3517,3226,280,0,0,91.73
2005,legacy_2000_2013,docketEntryComment,41,0,0,0,0,0,
2005,unknown_period,description,78,0,0,0,0,0,
2005,unknown_period,docketEntryComment,1,0,0,0,0,0,
2006,historical_pre_2000,description,165,16,2,13,0,0,12.5
2006,legacy_2000_2013,description,19626,3359,3243,111,0,0,96.55
2006,legacy_2000_2013,docketEntryComment,62,2,0,2,0,0,0.0
2006,unknown_period,description,41,0,0,0,0,0,
2007,historical_pre_2000,description,131,10,1,6,0,0,10.0
2007,historical_pre_2000,docketEntryComment,3,0,0,0,0,0,
2007,legacy_2000_2013,description,20047,3155,3064,83,0,0,97.12
2007,legacy_2000_2013,docketEntryComment,24,0,0,0,0,0,
2007,unknown_period,description,51,0,0,0,0,0,
2007,unknown_period,docketEntryComment,1,0,0,0,0,0,
2008,historical_pre_2000,description,308,3,1,2,0,0,33.33
2008,historical_pre_2000,docketEntryComment,1,0,0,0,0,0,
2008,legacy_2000_2013,description,21097,3004,2897,96,0,0,96.44
2008,legacy_2000_2013,docketEntryComment,34,0,0,0,0,0,
2008,unknown_period,description,41,0,0,0,0,0,
2008,unknown_period,docketEntryComment,1,0,0,0,0,0,
2009,historical_pre_2000,description,482,3,1,2,0,0,33.33
2009,legacy_2000_2013,description,21463,2882,2758,118,0,0,95.7
2009,legacy_2000_2013,docketEntryComment,47,0,0,0,0,0,
2009,unknown_period,description,37,0,0,0,0,0,
2009,unknown_period,docketEntryComment,1,0,0,0,0,0,
2010,historical_pre_2000,description,1506,0,0,0,0,0,
2010,historical_pre_2000,docketEntryComment,1,0,0,0,0,0,
2010,legacy_2000_2013,description,20505,2855,2734,114,0,0,95.76
2010,legacy_2000_2013,docketEntryComment,80,0,0,0,0,0,
2010,unknown_period,description,26,1,0,1,0,0,0.0
2010,unknown_period,docketEntryComment,1,0,0,0,0,0,
2011,historical_pre_2000,description,56,1,0,0,0,0,0.0
2011,legacy_2000_2013,description,19093,2916,2767,144,0,0,94.89
2011,legacy_2000_2013,docketEntryComment,65,0,0,0,0,0,
2011,unknown_period,description,21,0,0,0,0,0,
2011,unknown_period,docketEntryComment,1,0,0,0,0,0,
2012,historical_pre_2000,description,29,1,0,0,0,0,0.0
2012,historical_pre_2000,docketEntryComment,1,0,0,0,0,0,
2012,legacy_2000_2013,description,17025,2419,2314,92,4,0,95.66
2012,legacy_2000_2013,docketEntryComment,48,0,0,0,0,0,
2012,unknown_period,description,22,0,0,0,0,0,
2012,unknown_period,docketEntryComment,2,0,0,0,0,0,
2013,historical_pre_2000,description,32,4,0,0,0,0,0.0
2013,legacy_2000_2013,description,16228,2405,2301,88,2,0,95.68
2013,legacy_2000_2013,docketEntryComment,61,1,0,1,0,0,0.0
2013,unknown_period,description,26,0,0,0,0,0,
2013,unknown_period,docketEntryComment,1,0,0,0,0,0,
2014,historical_pre_2000,description,17,7,0,0,0,0,0.0
2014,historical_pre_2000,docketEntryComment,2,0,0,0,0,0,
2014,legacy_2000_2013,description,6714,570,525,31,1,0,92.11
2014,legacy_2000_2013,docketEntryComment,31,1,0,1,0,0,0.0
2014,portal_2014_2020,description,6888,1310,1287,22,0,0,98.24
2014,portal_2014_2020,docketEntryComment,18,0,0,0,0,0,
2014,unknown_period,description,3,0,0,0,0,0,
2014,unknown_period,docketEntryComment,1,0,0,0,0,0,
