event_year,case_model,selected_original_events,likely_monetary_events,parsed_total_count,recognized_money_without_total_count,explicit_currency_not_recognized_count,unmarked_numeric_context_count,parsed_total_pct_of_likely_monetary,median_parsed_total
1988,civil_general,4993,18,2,3,0,0,11.11,1899.19
1988,criminal,10,0,0,0,0,0,,
1988,family_domestic_violence,9,0,0,0,0,0,,
1988,family_multi_order,276,7,0,1,0,0,0.0,
1988,probate,36,1,0,1,0,0,0.0,
1988,small_claims,353,15,15,0,0,0,100.0,894.76
1988,unlawful_detainer,30,2,0,0,0,0,0.0,
1988,writ_or_mandate,222,0,0,0,0,0,,
1989,appellate_review,42,1,0,1,0,0,0.0,
1989,civil_general,5420,34,2,7,0,0,5.88,87488.73
1989,criminal,28,1,0,1,0,0,0.0,
1989,family_domestic_violence,9,0,0,0,0,0,,
1989,family_multi_order,312,4,1,0,0,0,25.0,46500.00
1989,probate,19,0,0,0,0,0,,
1989,small_claims,383,44,44,0,0,0,100.0,931.52
1989,unlawful_detainer,2,0,0,0,0,0,,
1989,writ_or_mandate,114,0,0,0,0,0,,
1990,appellate_review,8,0,0,0,0,0,,
1990,civil_general,5469,27,0,13,1,0,0.0,
1990,criminal,35,0,0,0,0,0,,
1990,family_domestic_violence,6,0,0,0,0,0,,
1990,family_multi_order,749,9,0,1,0,0,0.0,
1990,probate,33,0,0,0,0,0,,
1990,small_claims,712,221,220,1,0,0,99.55,1029.50
1990,unlawful_detainer,3,0,0,0,0,0,,
1990,writ_or_mandate,135,0,0,0,0,0,,
1991,appellate_review,11,1,0,0,0,0,0.0,
1991,civil_general,5354,24,0,4,0,0,0.0,
1991,criminal,45,1,0,1,0,0,0.0,
1991,family_domestic_violence,22,0,0,0,0,0,,
1991,family_multi_order,843,9,0,9,0,0,0.0,
1991,probate,26,1,0,0,0,0,0.0,
1991,small_claims,9800,5963,5957,6,0,0,99.9,928.00
1991,unknown,1,0,0,0,0,0,,
1991,unlawful_detainer,2,0,0,0,0,0,,
1991,writ_or_mandate,162,0,0,0,0,0,,
1992,appellate_review,10,0,0,0,0,0,,
1992,civil_general,7208,287,235,4,0,0,81.88,1889.43
1992,criminal,57,0,0,0,0,0,,
1992,family_domestic_violence,17,0,0,0,0,0,,
1992,family_multi_order,1018,14,0,12,0,0,0.0,
1992,probate,27,0,0,0,0,0,,
1992,small_claims,10253,6125,6110,15,0,0,99.76,1050.19
1992,unknown,1,0,0,0,0,0,,
1992,unlawful_detainer,228,18,18,0,0,0,100.0,4258.50
1992,writ_or_mandate,208,19,18,0,0,0,94.74,1938.24
1993,appellate_review,5,0,0,0,0,0,,
1993,civil_general,13116,2442,2277,30,0,0,93.24,2943.50
1993,criminal,1092,48,0,48,0,0,0.0,
1993,family_domestic_violence,15,0,0,0,0,0,,
1993,family_multi_order,1611,7,0,7,0,0,0.0,
1993,probate,42,1,0,0,0,0,0.0,
1993,small_claims,9322,5313,5292,19,0,0,99.6,1065.39
1993,unknown,1,0,0,0,0,0,,
1993,unlawful_detainer,3938,1082,997,82,0,0,92.14,1983.00
1993,writ_or_mandate,178,2,1,0,0,0,50.0,11000.00
1994,appellate_review,8,0,0,0,0,0,,
1994,civil_general,13465,3288,3152,102,0,0,95.86,3248.08
1994,criminal,1241,24,0,24,0,0,0.0,
1994,family_domestic_violence,14,0,0,0,0,0,,
1994,family_multi_order,1197,13,1,12,0,0,7.69,13834.00
1994,probate,42,0,0,0,0,0,,
1994,small_claims,8833,5037,4996,38,0,0,99.19,1099.18
1994,unknown,1,0,0,0,0,0,,
1994,unlawful_detainer,4297,1218,1110,101,0,0,91.13,1897.56
1994,writ_or_mandate,162,1,0,1,0,0,0.0,
1995,appellate_review,9,0,0,0,0,0,,
1995,civil_general,12506,2903,2813,67,0,0,96.9,3164.50
1995,criminal,1276,47,0,46,1,0,0.0,
1995,family_domestic_violence,16,0,0,0,0,0,,
1995,family_multi_order,1482,10,1,8,0,0,10.0,3528.00
1995,probate,24,0,0,0,0,0,,
1995,small_claims,7556,4148,4141,7,0,0,99.83,1221.01
1995,unknown,2,0,0,0,0,0,,
1995,unlawful_detainer,4497,1212,1064,124,0,0,87.79,1748.28
1995,writ_or_mandate,139,1,0,1,0,0,0.0,
1996,appellate_review,5,0,0,0,0,0,,
1996,civil_general,12400,2923,2749,94,0,0,94.05,3372.25
1996,criminal,1804,67,0,64,3,0,0.0,
1996,family_domestic_violence,8,0,0,0,0,0,,
1996,family_multi_order,1412,2,0,1,0,0,0.0,
1996,probate,31,0,0,0,0,0,,
1996,small_claims,7402,3884,3867,15,0,0,99.56,1135.00
1996,unknown,3,0,0,0,0,0,,
1996,unlawful_detainer,5049,973,896,75,0,0,92.09,1956.16
1996,writ_or_mandate,145,1,0,1,0,0,0.0,
1997,appellate_review,17,0,0,0,0,0,,
1997,civil_general,11495,2466,2372,56,0,0,96.19,3839.79
1997,criminal,2371,105,0,100,5,0,0.0,
1997,family_domestic_violence,4,0,0,0,0,0,,
1997,family_multi_order,1300,6,1,2,0,0,16.67,500.00
1997,probate,35,0,0,0,0,0,,
1997,small_claims,6979,3720,3705,9,0,0,99.6,1189.82
1997,unlawful_detainer,4392,960,868,90,0,0,90.42,1753.65
1997,writ_or_mandate,113,1,0,0,0,0,0.0,
1998,appellate_review,17,1,0,0,0,0,0.0,
1998,civil_general,11619,2143,2086,31,0,0,97.34,3840.75
1998,criminal,3073,212,0,210,2,0,0.0,
1998,family_domestic_violence,8,0,0,0,0,0,,
1998,family_multi_order,405,10,0,3,0,0,0.0,
1998,probate,32,0,0,0,0,0,,
1998,small_claims,6034,3004,2996,8,0,0,99.73,1315.78
1998,unknown,1,0,0,0,0,0,,
1998,unlawful_detainer,3777,842,786,49,0,0,93.35,1971.97
1998,writ_or_mandate,146,0,0,0,0,0,,
1999,appellate_review,16,0,0,0,0,0,,
1999,civil_general,11145,1933,1857,44,0,0,96.07,4359.60
1999,criminal,2312,79,0,74,5,0,0.0,
1999,family_domestic_violence,5,0,0,0,0,0,,
1999,family_multi_order,288,19,0,8,0,0,0.0,
1999,probate,40,0,0,0,0,0,,
1999,small_claims,5534,2748,2735,9,0,0,99.53,1388.45
1999,unknown,1,1,1,0,0,0,100.0,7900.00
1999,unlawful_detainer,3066,625,568,50,0,0,90.88,2062.27
1999,writ_or_mandate,102,2,0,2,0,0,0.0,
2000,appellate_review,6,0,0,0,0,0,,
2000,civil_general,11232,1804,1767,15,0,0,97.95,3829.89
2000,criminal,1799,18,0,18,0,0,0.0,
2000,family_domestic_violence,20,0,0,0,0,0,,
2000,family_multi_order,161,15,0,11,0,0,0.0,
2000,probate,40,1,0,1,0,0,0.0,
2000,small_claims,4988,2414,2401,11,0,0,99.46,1551.98
2000,unlawful_detainer,3127,517,465,48,0,0,89.94,2223.00
2000,writ_or_mandate,121,3,0,2,0,0,0.0,
2001,appellate_review,6,0,0,0,0,0,,
2001,civil_general,12789,1952,1909,18,0,0,97.8,3493.00
2001,criminal,2016,3,0,3,0,0,0.0,
2001,family_domestic_violence,12,0,0,0,0,0,,
2001,family_multi_order,748,12,1,2,0,0,8.33,4620.00
2001,probate,23,3,0,0,0,0,0.0,
2001,small_claims,4868,2576,2560,13,0,0,99.38,1762.12
2001,unknown,3,0,0,0,0,0,,
2001,unlawful_detainer,3080,442,399,37,0,0,90.27,2496.18
2001,writ_or_mandate,403,312,311,1,0,0,99.68,1382.98
2002,appellate_review,8,0,0,0,0,0,,
2002,civil_general,14769,1476,1435,31,0,0,97.22,14400.00
2002,criminal,2922,4,0,4,0,0,0.0,
2002,family_domestic_violence,15,1,0,0,0,0,0.0,
2002,family_multi_order,235,3,0,1,0,0,0.0,
2002,probate,35,0,0,0,0,0,,
2002,small_claims,4993,2705,2695,10,0,0,99.63,1502.00
2002,unknown,3,0,0,0,0,0,,
2002,unlawful_detainer,3101,509,422,34,0,0,82.91,2524.50
2002,writ_or_mandate,1468,1259,1257,2,0,0,99.84,1654.80
2003,appellate_review,22,0,0,0,0,0,,
2003,civil_general,13235,803,766,31,0,0,95.39,10879.46
2003,criminal,2883,1,0,1,0,0,0.0,
2003,family_domestic_violence,9,0,0,0,0,0,,
2003,family_multi_order,724,3,0,0,0,0,0.0,
2003,probate,32,1,0,1,0,0,0.0,
2003,small_claims,4864,2620,2589,28,0,0,98.82,1562.37
2003,unlawful_detainer,3112,408,381,22,0,0,93.38,2880.00
2003,writ_or_mandate,1273,1077,1072,4,0,0,99.54,1628.73
2004,appellate_review,10,0,0,0,0,0,,
2004,civil_general,12049,670,646,20,0,0,96.42,10509.22
2004,criminal,2814,2,0,1,1,0,0.0,
2004,family_domestic_violence,7,0,0,0,0,0,,
2004,family_multi_order,611,5,0,0,0,0,0.0,
2004,probate,38,1,0,1,0,0,0.0,
2004,small_claims,4234,2429,2347,82,0,0,96.62,1452.00
2004,unlawful_detainer,2559,373,359,11,0,0,96.25,2832.66
2004,writ_or_mandate,685,446,425,21,0,0,95.29,9602.60
2005,appellate_review,2,0,0,0,0,0,,
2005,civil_general,10898,467,433,30,0,0,92.72,10702.74
2005,criminal,2356,5,0,5,0,0,0.0,
2005,family_domestic_violence,3,0,0,0,0,0,,
2005,family_multi_order,905,4,0,0,0,0,0.0,
2005,probate,51,2,1,0,0,0,50.0,1050070.00
2005,small_claims,3786,2247,2088,159,0,0,92.92,1510.00
2005,unlawful_detainer,2338,299,287,10,0,0,95.99,2630.30
2005,writ_or_mandate,711,540,418,121,0,0,77.41,7810.53
2006,appellate_review,1,0,0,0,0,0,,
2006,civil_general,11308,755,737,17,0,0,97.62,8538.98
2006,criminal,1705,5,0,5,0,0,0.0,
2006,family_domestic_violence,4,0,0,0,0,0,,
2006,family_multi_order,820,3,0,0,0,0,0.0,
2006,probate,29,0,0,0,0,0,,
2006,small_claims,3400,1889,1876,12,0,0,99.31,1770.22
2006,unlawful_detainer,2030,266,260,5,0,0,97.74,3025.31
2006,writ_or_mandate,597,459,372,87,0,0,81.05,6859.03
2007,civil_general,11820,576,561,13,0,0,97.4,9692.42
2007,criminal,1554,2,0,2,0,0,0.0,
2007,family_domestic_violence,6,0,0,0,0,0,,
2007,family_multi_order,697,7,0,0,0,0,0.0,
2007,probate,24,2,2,0,0,0,100.0,2250512.51
2007,small_claims,3436,1859,1847,12,0,0,99.35,1732.79
2007,unlawful_detainer,2089,254,248,5,0,0,97.64,2972.73
2007,writ_or_mandate,631,465,407,57,0,0,87.53,7215.62
2008,civil_general,12706,522,504,16,0,0,96.55,8812.60
2008,criminal,1616,3,0,3,0,0,0.0,
2008,family_domestic_violence,5,0,0,0,0,0,,
2008,family_multi_order,1054,5,0,0,0,0,0.0,
2008,probate,25,1,1,0,0,0,100.0,1340000.00
2008,small_claims,3118,1479,1469,10,0,0,99.32,1878.00
2008,unlawful_detainer,2050,290,279,7,0,0,96.21,2911.52
2008,writ_or_mandate,908,707,645,62,0,0,91.23,8616.68
2009,civil_general,13150,504,487,16,0,0,96.63,10000.00
2009,criminal,1551,6,0,6,0,0,0.0,
2009,family_domestic_violence,4,0,0,0,0,0,,
2009,family_multi_order,1029,3,0,0,0,0,0.0,
2009,probate,25,2,1,0,0,0,50.0,110000.00
2009,small_claims,3884,1674,1657,17,0,0,98.98,2012.40
2009,unknown,1,1,0,1,0,0,0.0,
2009,unlawful_detainer,1734,174,169,4,0,0,97.13,3250.71
2009,writ_or_mandate,652,521,445,76,0,0,85.41,9095.35
2010,civil_general,13281,559,546,13,0,0,97.67,9020.88
2010,criminal,1930,3,0,3,0,0,0.0,
2010,family_domestic_violence,2,0,0,0,0,0,,
2010,family_multi_order,533,6,0,0,0,0,0.0,
2010,probate,20,3,1,2,0,0,33.33,65000.00
2010,small_claims,3957,1601,1588,13,0,0,99.19,1879.87
2010,unlawful_detainer,1769,177,173,3,0,0,97.74,3449.00
2010,writ_or_mandate,627,507,426,81,0,0,84.02,8380.10
2011,civil_general,10893,875,860,11,0,0,98.29,7575.93
2011,criminal,1724,7,0,7,0,0,0.0,
2011,family_domestic_violence,3,0,0,0,0,0,,
2011,family_multi_order,595,1,0,0,0,0,0.0,
2011,probate,17,4,0,3,0,0,0.0,
2011,small_claims,3407,1303,1300,3,0,0,99.77,2249.59
2011,unlawful_detainer,1901,147,144,3,0,0,97.96,3410.00
2011,writ_or_mandate,696,580,463,117,0,0,79.83,8329.80
2012,civil_general,10027,565,550,12,1,0,97.35,7870.04
2012,criminal,1138,8,0,5,3,0,0.0,
2012,family_domestic_violence,6,0,0,0,0,0,,
2012,family_multi_order,457,7,0,0,0,0,0.0,
2012,probate,50,1,0,1,0,0,0.0,
2012,small_claims,3204,1211,1201,10,0,0,99.17,2180.00
2012,unlawful_detainer,1630,128,118,9,0,0,92.19,2945.50
2012,writ_or_mandate,615,500,445,55,0,0,89.0,10000.00
2013,civil_general,9747,717,706,7,0,0,98.47,7112.69
2013,criminal,1262,5,0,3,2,0,0.0,
2013,family_domestic_violence,3,0,0,0,0,0,,
2013,family_multi_order,454,13,0,0,0,0,0.0,
2013,probate,50,1,1,0,0,0,100.0,553074.67
2013,small_claims,3105,1185,1174,11,0,0,99.07,2395.76
2013,unlawful_detainer,1200,81,73,8,0,0,90.12,2990.00
2013,writ_or_mandate,527,408,347,60,0,0,85.05,10827.92
2014,civil_general,7982,377,368,5,0,0,97.61,7357.49
2014,criminal,865,11,0,10,1,0,0.0,
2014,family_domestic_violence,7,0,0,0,0,0,,
2014,family_multi_order,357,16,0,0,0,0,0.0,
2014,probate,64,0,0,0,0,0,,
2014,small_claims,2845,1092,1076,16,0,0,98.53,2500.00
2014,unlawful_detainer,1112,76,76,0,0,0,100.0,2479.86
2014,writ_or_mandate,442,316,292,23,0,0,92.41,12478.01
