initial_judgment_year,judgment_count,total_amount,mean_amount,median_amount,p75_amount,p90_amount,p95_amount,p99_amount,max_amount,fallback_year_count,review_required_count,mean_to_median_ratio,total_to_median_baseline_ratio,top10_share,top5_share,top1_share,largest_share,excluding_top1pct_total,excluding_largest_total,excluding_largest5_total,excluding_largest10_total
1930,1,92003.22,92003.22,92003.22,92003.22,92003.22,92003.22,92003.22,92003.22,0,0,1.0,1.0,1.0,1.0,1.0,1.0,0.00,0.00,0.00,0.00
1980,1,5412.19,5412.19,5412.19,5412.19,5412.19,5412.19,5412.19,5412.19,0,0,1.0,1.0,1.0,1.0,1.0,1.0,0.00,0.00,0.00,0.00
1982,2,4476.09,2238.045,2238.04,2578.85,2783.33,2851.49,2906.02,2919.66,0,0,1.0000022340976926,1.0000022340976926,0.6522791096693765,0.6522791096693765,0.6522791096693765,0.6522791096693765,1556.43,1556.43,0.00,0.00
1983,4,8953.31,2238.3275,2255.51,3010.35,3045.15,3056.75,3066.03,3068.35,0,0,0.9923819889958367,0.9923819889958367,0.3427056585776657,0.3427056585776657,0.3427056585776657,0.3427056585776657,5884.96,5884.96,0.00,0.00
1984,6,14002.55,2333.758333333333,2704.67,2983.58,3054.11,3064.17,3072.21,3074.23,0,0,0.862862505715423,0.862862505715423,0.21954786806688784,0.21954786806688784,0.21954786806688784,0.21954786806688784,10928.32,10928.32,632.98,0.00
1985,11,17288.72,1571.7018181818182,1527.00,1989.81,3026.00,3026.72,3027.29,3027.44,0,0,1.029274275168185,1.029274275168185,0.3501381247426067,0.17511070802234058,0.17511070802234058,0.17511070802234058,14261.28,14261.28,5718.66,64.83
1986,13,16623.94,1278.7646153846154,808.35,1500.00,1519.00,3547.63,5980.79,6589.09,0,0,1.5819442263680525,1.5819442263680528,0.48779591360411556,0.3963615123731198,0.3963615123731198,0.3963615123731198,10034.85,10034.85,4368.54,642.96
1987,20,125544.29,6277.2145,1314.64,1650.08,10167.41,37879.18,57375.03,62249.00,0,0,4.774854332745086,4.774854332745086,0.7873361663839908,0.4958329845188499,0.4958329845188499,0.4958329845188499,63295.29,63295.29,12867.15,5437.66
1988,14,15842.43,1131.6021428571428,868.02,1503.84,2590.60,3250.92,3564.29,3642.64,0,0,1.3036590664467902,1.3036590664467902,0.4218191274949613,0.22992937320852924,0.22992937320852924,0.22992937320852924,12199.79,12199.79,4666.42,493.75
1989,42,263156.35,6265.627380952381,931.52,1985.05,2082.35,9337.54,116579.48,165278.78,0,1,6.7262403179238035,6.726240317923803,0.8589584100858673,0.8416192883052224,0.6280630507301078,0.6280630507301078,97877.57,97877.57,37115.99,27017.93
1990,203,390151.08,1921.9265024630542,1051.68,1580.36,2017.80,2035.70,5149.79,89031.07,0,9,1.8274822212679276,1.8274822212679276,0.5372678706925532,0.48532132731761246,0.43975436387360506,0.22819639509904727,218580.44,301120.01,213096.44,202838.44
1991,5613,7706161.02,1372.9130625334046,898.92,1816.47,2768.01,4072.19,5028.00,254347.30,0,144,1.5272917084205544,1.5272917084205542,0.35711811793935244,0.23482472988865732,0.09668228422250123,0.03300570794457653,6961111.77,7451813.72,7224318.68,7198416.82
1992,6294,13065737.90,2075.903701938354,1109.03,2316.97,3965.83,5017.72,11531.29,1150895.01,0,127,1.871819249198267,1.8718192491982668,0.4659358971221977,0.35492223137278756,0.2366680224007861,0.08808496074301322,9973495.55,11914842.89,11196745.34,10905466.72
1993,8936,25970016.83,2906.2239066696507,1589.00,3282.33,6251.81,10484.71,21471.25,220102.21,0,178,1.8289640696473572,1.8289640696473572,0.43926832064359506,0.3013973630143389,0.10022905518463618,0.008475243256128456,23367066.58,25749914.62,25496346.95,25336060.27
1994,9295,30365728.64,3266.8885034965033,1780.00,3721.75,7205.58,12023.49,23820.95,658404.58,0,144,1.8353306199418558,1.835330619941856,0.4429846755687796,0.30107612329634514,0.10406402057605953,0.02168248909175525,27205748.83,29707324.06,29555779.29,29392701.71
1995,8318,29307510.05,3523.3842329886993,1898.74,3975.00,7467.39,12148.56,22855.10,1733825.72,0,131,1.8556433387344762,1.8556433387344762,0.45587309420712796,0.322922832197408,0.1405237023880164,0.05915977566985429,25189110.23,27573684.33,27246458.33,27082525.40
1996,7902,27282393.22,3452.5934219185015,1985.58,4220.82,8031.39,12164.43,22747.92,132158.98,0,112,1.7388337019503126,1.7388337019503124,0.4136973101658125,0.2715104049072129,0.08172547408214506,0.004844112425706032,25052726.70,27150234.24,26968967.76,26815803.11
1997,7307,25279292.42,3459.599345832763,1884.08,4079.83,7923.03,12430.69,24598.95,61929.86,0,123,1.8362274138214743,1.8362274138214743,0.43101079804669623,0.28618580495853924,0.08534450031888986,0.002449825690176497,23121843.84,25217362.56,25008815.66,24826387.15
1998,6456,26191804.88,4056.9710161090456,2180.37,4676.50,9530.96,14426.27,25007.23,303050.22,0,116,1.8606800754500594,1.8606800754500592,0.43977436579009827,0.2975299944277838,0.1104613917695007,0.011570421411905386,23298621.66,25888754.66,25285474.85,24908760.04
1999,5845,27306785.99,4671.819673224979,2526.00,5020.00,9494.20,13924.90,25138.34,2821501.43,0,105,1.849493140627466,1.8494931406274657,0.4715748222700302,0.34969677733208765,0.1892690458662067,0.10332601687482593,22138456.66,24485284.56,23730730.10,23495394.57
2000,5520,23037012.68,4173.371862318841,2660.84,5026.00,9286.41,13164.75,23666.84,307249.04,0,94,1.5684414930318398,1.5684414930318398,0.3820641583290564,0.2500319190691178,0.08428927339549479,0.013337191078891223,21095239.62,22729763.64,22517027.24,22337205.25
2001,5743,60595379.39,10551.17175518022,2520.00,5026.00,10107.71,16084.95,62036.15,12491035.64,0,101,4.18697291872231,4.18697291872231,0.759881137861129,0.7000641921387267,0.6051063582589115,0.20613841790817114,23928730.04,48104343.75,36985952.75,32692357.68
2002,6189,131770377.90,21291.061221522054,2330.00,5095.84,15108.60,30168.43,296604.99,12662936.68,0,113,9.1377945156747,9.137794515674702,0.871212275623291,0.8227365934419164,0.6519821310309835,0.09609850773600916,45858446.11,119107441.22,97110700.87,82581170.59
2003,6065,275161408.56,45368.74007584501,2524.08,5132.00,14097.38,28593.55,216955.19,123917897.01,0,129,17.974366928086674,17.974366928086674,0.9385108097514676,0.9168732002074615,0.8501198737649026,0.45034620828007293,41241226.65,151243511.55,108552420.20,81400837.86
2004,5823,109109502.75,18737.678645028336,3282.00,7216.95,15623.90,25695.75,175981.11,12287234.00,0,109,5.709225668808147,5.709225668808147,0.8101841008527554,0.7580724418616234,0.6257020995359637,0.11261378422879853,40839457.80,96822268.75,70528297.28,60959946.47
2005,5556,137700892.30,24784.177879769617,3407.27,7316.34,14979.40,23730.81,172201.09,26908290.18,0,96,7.273910749594138,7.273910749594138,0.8537347085876508,0.8159122737217004,0.7310119557591276,0.19541115333789305,37039893.71,110792602.12,75292464.15,63760790.92
2006,5554,173331908.02,31208.481818509183,3898.93,7733.02,14842.27,24715.15,125213.38,30130784.00,0,110,8.004370896248249,8.004370896248249,0.8754041754533269,0.8453378616422617,0.7809333663734973,0.17383287557489613,37971237.59,143201124.02,63576504.60,53088317.33
2007,5913,105382040.76,17822.093820395738,3862.84,8176.90,17851.51,32895.10,183128.70,6600000.00,0,163,4.613728194902128,4.613728194902128,0.7647736783115225,0.6986765160268851,0.5361009925653674,0.06262926730590675,48886624.11,98782040.76,83084212.95,73496329.23
2008,6571,148705259.80,22630.53717851164,4432.43,9889.05,22416.50,48551.92,293399.54,22438826.00,0,150,5.105672775094392,5.105672775094393,0.7810064623551398,0.7106369544165915,0.5233704171908518,0.1508946356717908,70877325.94,126266433.80,116189320.07,107871814.83
2009,6143,337952718.70,55014.27945629171,4536.35,9906.46,26934.17,69970.19,471246.05,88650000.00,0,174,12.127432728138638,12.127432728138638,0.9064126514156668,0.867368638274547,0.7524879589021635,0.2623148005466837,83647367.20,249302718.70,194686920.09,161763462.39
2010,5378,199598640.98,37113.91613611008,5077.19,11345.85,26019.90,60109.24,432727.44,24016604.00,0,150,7.3099324894498885,7.309932489449888,0.848655693086473,0.7969855996461405,0.6239668592356766,0.12032448659009903,75055703.86,175582036.98,143832722.57,121726104.32
2011,4443,169672897.35,38188.81326806212,5136.00,10443.49,22883.98,49265.17,358578.08,25000000.00,0,154,7.435516602037017,7.4355166020370165,0.8592069761104956,0.8173103903208617,0.6899595554056824,0.14734232980315168,52605460.53,144672897.35,102110595.72,82096207.09
2012,4205,186709976.97,44401.89702021403,5368.23,11345.31,24577.56,51309.74,400368.87,20000000.00,0,124,8.27123596049611,8.27123596049611,0.8709248680702679,0.8335253270638332,0.7236510725493236,0.10711800367911534,51597101.88,166709976.97,111185486.21,81928248.88
2013,4535,150963606.09,33288.55702094818,5170.00,10591.17,23556.97,50382.02,372085.92,22000000.00,0,115,6.438792460531563,6.438792460531563,0.8352716069515824,0.7860461622734146,0.6380542330353126,0.14573048809448985,54640638.19,128963606.09,106644164.28,89075071.32
2014,3130,119869488.62,38296.96122044729,4689.75,10075.00,27032.65,62091.19,433770.83,27098192.97,0,96,8.16609866633558,8.16609866633558,0.864161008464641,0.8107988895164439,0.6478092442370177,0.2260641409416901,42216925.79,92771295.65,71374009.76,60283559.97
2015,2355,598292764.59,254052.12933757962,4829.11,10716.09,30659.15,75197.78,504292.41,505093892.18,0,71,52.608478443767,52.60847844376699,0.9778585241640385,0.9682385171697301,0.9411142746910149,0.8442253058603046,35230903.39,93198872.41,62350719.04,49691125.41
2016,2329,356564618.81,153097.7324216402,4259.60,10090.00,32028.42,88495.51,695941.24,213254195.73,0,64,35.94180965856892,35.94180965856892,0.9665478944607347,0.9492661586828965,0.8909258429796028,0.5980800799633886,38891985.22,143310423.08,83381793.97,58245760.46
2017,2438,171105921.89,70182.90479491386,4639.35,10420.65,31441.76,94880.01,694353.88,31921776.70,0,60,15.127745221833631,15.12774522183363,0.9225624309571347,0.8835985731528091,0.747610104238456,0.18656149563614616,43185405.79,139184145.19,74498463.21,58369779.10
2018,2565,138809173.07,54116.63667446394,4210.06,10148.09,28752.87,84855.87,702982.53,23500000.00,0,56,12.854124804507283,12.854124804507283,0.9045119451629048,0.8618332963461404,0.6717376100423736,0.16929716876959708,45565830.90,115309173.07,72764894.44,61719636.26
2019,3361,129915758.88,38653.900291579885,4612.19,10034.52,25847.38,62405.85,628464.34,13958579.44,0,69,8.380812648997523,8.380812648997523,0.8674976251657023,0.8175450402295337,0.6289295869446565,0.10744331219196586,48207894.31,115957179.44,86818880.39,74724616.21
2020,1882,304060413.07,161562.38739107334,5520.34,11746.48,33816.35,95488.17,733562.38,179047998.64,0,22,29.266745778534172,29.26674577853417,0.960988907006223,0.9440872662167761,0.8873659785099497,0.5888566578996919,34247547.10,125012414.43,58542207.40,43792083.17
2021,2114,96821953.58,45800.35647114475,6189.66,11880.09,25378.79,64518.13,580822.09,27543121.55,0,41,7.399494717180709,7.399494717180709,0.8604639199018318,0.8173491162271589,0.6662870365107542,0.28447186336972896,32310741.06,69278832.03,53334970.17,43234944.14
2022,2150,145949129.92,67883.31624186046,5966.86,12036.34,27746.66,79584.70,1604298.78,8927931.44,0,20,11.376723476310902,11.3767234763109,0.9061836115946337,0.8720423694184638,0.6399367920260638,0.06117152904504276,52550911.92,137021198.48,107435120.79,81658167.46
2023,2077,100320575.65,48300.710471834376,6720.02,14353.11,43833.94,105113.87,886279.83,12721056.99,0,29,7.187584333355313,7.187584333355315,0.842085507411061,0.7713903166782716,0.556686912611431,0.12680406693818647,44473424.12,87599518.66,70415941.86,59210467.76
2024,2494,116775628.76,46822.62580593424,6448.57,13559.44,33158.27,86665.81,828028.19,10000000.00,0,30,7.260931618317588,7.260931618317588,0.8484094535137829,0.7924958299321084,0.5737869819370348,0.08563430662875927,49771293.17,106775628.76,81279983.84,69507303.96
2025,2421,122159316.43,50458.20587773647,7015.24,14261.48,37443.17,94034.35,670042.39,10368075.42,0,31,7.192655686439306,7.1926556864393065,0.8499462102793954,0.7925537967092241,0.605542455555471,0.0848733909373268,48186663.99,111791241.01,86365495.92,70319378.19
2026,908,48052568.06,52921.330462555066,6371.93,12877.96,30143.25,71681.15,491997.34,17402883.21,0,15,8.305384783347442,8.305384783347442,0.8724070398829792,0.8263535120624311,0.6863667947739649,0.36216343709810045,15070880.94,30649684.85,18376418.38,15070880.94
