judgment_year,case_model,judgment_count,total_amount,mean_amount,median_amount,p90_amount,p99_amount,max_amount
1982,small_claims,1,2919.66,2919.66,2919.66,2919.66,2919.66,2919.66
1983,small_claims,4,8953.31,2238.3275,2255.51,3045.15,3066.03,3068.35
1984,small_claims,7,16580.81,2368.687142857143,2578.26,3050.09,3071.81,3074.23
1985,small_claims,12,18070.68,1505.89,1526.50,2930.40,3027.28,3027.44
1986,civil_general,1,6589.09,6589.09,6589.09,6589.09,6589.09,6589.09
1986,small_claims,13,10736.11,825.8546153846154,768.87,1512.00,1519.40,1520.00
1987,civil_general,4,76080.58,19020.145,5915.79,45743.55,60598.45,62249.00
1987,small_claims,15,13631.74,908.7826666666666,1243.45,1532.86,1534.35,1534.50
1987,writ_or_mandate,1,36596.56,36596.56,36596.56,36596.56,36596.56,36596.56
1988,civil_general,3,95801.61,31933.87,3642.64,74331.10,90236.00,92003.22
1988,small_claims,14,14628.14,1044.8671428571429,937.69,1539.00,2845.25,3040.00
1989,civil_general,2,174977.46,87488.73,87488.73,149720.77,163722.97,165278.78
1989,family_multi_order,1,46500.00,46500.0,46500.00,46500.00,46500.00,46500.00
1989,small_claims,40,40134.53,1003.36325,775.75,2012.20,2324.22,2475.90
1990,civil_general,1,77353.57,77353.57,77353.57,77353.57,77353.57,77353.57
1990,small_claims,185,206599.35,1116.7532432432433,992.85,2009.35,2232.94,5186.00
1991,small_claims,5953,7676989.66,1289.6001444649758,912.00,2719.01,5028.00,5583.00
1992,civil_general,558,4263549.73,7640.770125448029,2546.43,11077.94,39444.66,1150895.01
1992,small_claims,6057,8959485.82,1479.195281492488,1029.00,3454.64,5043.00,6407.65
1992,unlawful_detainer,42,215021.28,5119.5542857142855,3468.45,8553.82,24647.04,25372.50
1993,civil_general,3016,16444451.61,5452.4043799734745,3254.97,13080.12,25928.86,220102.21
1993,small_claims,5429,8125288.74,1496.645559034813,1040.50,3502.14,5045.00,6015.00
1993,unlawful_detainer,1169,3487158.65,2983.0270744225836,2000.00,5975.88,22043.09,27825.00
1993,writ_or_mandate,1,11000.00,11000.0,11000.00,11000.00,11000.00,11000.00
1994,civil_general,3456,21257939.94,6151.024288194444,3440.86,13889.34,27357.20,658404.58
1994,family_multi_order,1,13834.00,13834.0,13834.00,13834.00,13834.00,13834.00
1994,small_claims,5059,7957457.79,1572.9309725242142,1067.25,3850.31,5060.00,6795.00
1994,unlawful_detainer,1337,3968023.97,2967.856372475692,1982.00,5771.48,21153.04,26460.00
1995,civil_general,3293,18192871.90,5524.710567871242,3448.84,13436.75,26041.18,65393.14
1995,family_multi_order,1,3528.00,3528.0,3528.00,3528.00,3528.00,3528.00
1995,small_claims,4261,6998447.41,1642.442480638348,1187.32,3979.01,5067.49,6007.00
1995,unlawful_detainer,1322,3948189.20,2986.527382753404,1900.88,5997.95,20083.84,50936.50
1996,civil_general,3346,20998810.58,6275.795152420801,3707.98,13602.46,26535.03,1733825.72
1996,small_claims,4072,6708962.64,1647.5841453831042,1127.67,4095.44,5087.61,7021.00
1996,unlawful_detainer,1130,3501212.61,3098.418238938053,2025.60,6450.50,20315.25,54342.08
1997,civil_general,2979,18476768.32,6202.339147364887,4025.98,14279.37,27706.34,265682.08
1997,family_multi_order,1,500.00,500.0,500.00,500.00,500.00,500.00
1997,small_claims,3767,5919633.82,1571.4451340589328,1162.85,3631.37,5050.00,5771.00
1997,unlawful_detainer,1115,3709665.98,3327.0546905829597,1935.00,6637.35,25463.03,61929.86
1998,civil_general,2795,19863367.45,7106.7504293381035,4236.06,15969.19,30875.99,775623.55
1998,small_claims,3079,5251984.31,1705.7435238713867,1255.00,4027.71,5055.00,8193.50
1998,unlawful_detainer,984,3238754.04,3291.4167073170734,2074.39,6722.34,20267.99,75093.00
1999,civil_general,2799,18904019.46,6753.847609860664,4533.74,15110.25,28354.42,245600.00
1999,small_claims,2807,5009464.99,1784.633056644104,1364.18,4120.84,5059.94,8076.20
1999,unknown,1,7900.00,7900.0,7900.00,7900.00,7900.00,7900.00
1999,unlawful_detainer,706,2599145.75,3681.5095609065156,2266.24,7660.26,22942.18,86037.50
2000,civil_general,2959,18938150.96,6400.186198039878,4290.22,13769.04,28132.18,307249.04
2000,small_claims,2465,4940177.11,2004.128645030426,1545.20,4744.63,5083.72,7779.45
2000,unlawful_detainer,603,2463167.73,4084.8552736318406,2300.00,9397.06,29945.46,50803.62
2001,civil_general,2843,59519794.15,20935.558969398524,3905.61,16240.82,91192.38,17980750.00
2001,family_multi_order,1,4620.00,4620.0,4620.00,4620.00,4620.00,4620.00
2001,small_claims,2597,5476428.00,2108.751636503658,1645.00,5020.00,5095.00,10090.00
2001,unlawful_detainer,543,2645444.30,4871.904788213628,2654.96,8871.08,32531.27,204144.62
2001,writ_or_mandate,300,2164339.49,7214.464966666666,1348.12,9592.05,162383.74,319210.30
2002,civil_general,3429,581000815.79,169437.39159813357,9373.34,289153.87,2790143.99,39321907.55
2002,small_claims,2735,5226539.63,1910.983411334552,1464.21,4584.04,5094.66,8892.00
2002,unknown,1,8500.00,8500.0,8500.00,8500.00,8500.00,8500.00
2002,unlawful_detainer,583,6223715.82,10675.32730703259,2620.00,11590.13,119081.38,1727846.83
2002,writ_or_mandate,1219,50310222.41,41271.71649712879,1573.52,20106.40,412082.59,12662936.68
2003,civil_general,2837,357883438.86,126148.5508847374,6179.80,49026.00,675971.95,123917897.01
2003,small_claims,2613,5448195.89,2085.0347837734403,1552.00,4962.90,5121.88,251107.00
2003,unlawful_detainer,576,5662199.73,9830.207864583334,3109.54,12337.45,100427.31,775024.00
2003,writ_or_mandate,1050,89560324.03,85295.5466952381,1556.17,25142.45,1091570.49,22287057.00
2004,civil_general,3046,102793141.92,33746.92774786605,6425.02,34520.97,451734.97,9209861.02
2004,small_claims,2402,4599780.04,1914.9792006661116,1387.11,4821.99,5121.94,10140.40
2004,unlawful_detainer,581,4730331.65,8141.706798623064,2859.00,11363.00,99429.77,496020.50
2004,writ_or_mandate,413,39002207.49,94436.33774818401,9502.43,88312.77,1982417.31,8236126.60
2005,civil_general,3099,427287813.08,137879.2555921265,6344.82,32935.42,694990.55,295651220.00
2005,family_multi_order,1,12982.85,12982.85,12982.85,12982.85,12982.85,12982.85
2005,probate,2,2282070.00,1141035.0,1141035.00,1213807.00,1230180.70,1232000.00
2005,small_claims,2186,4308056.79,1970.7487602927722,1479.76,4999.99,5247.15,10096.15
2005,unknown,1,199225.44,199225.44,199225.44,199225.44,199225.44,199225.44
2005,unlawful_detainer,512,6384833.76,12470.3784375,2831.50,12146.64,95956.92,2393858.66
2005,writ_or_mandate,396,53665510.17,135518.9650757576,7576.20,67052.68,1878458.34,26908290.18
2006,civil_general,3550,145398400.77,40957.2959915493,6356.87,30152.35,379044.21,22634950.39
2006,probate,1,9278.02,9278.02,9278.02,9278.02,9278.02,9278.02
2006,small_claims,1912,4395827.28,2299.0728451882846,1682.11,5074.75,7605.00,10067.50
2006,unlawful_detainer,432,2722927.54,6303.073009259259,3086.24,13040.40,62530.85,111942.34
2006,writ_or_mandate,357,44453854.61,124520.60114845939,6882.83,52870.77,667885.37,30130784.00
2007,civil_general,3524,179871728.68,51041.920737797955,6057.06,32719.33,529739.29,28968713.12
2007,probate,2,4501025.02,2250512.51,2250512.51,3710922.51,4039514.76,4076025.02
2007,small_claims,1794,4101745.54,2286.368751393534,1610.69,5079.40,7630.00,10681.00
2007,unlawful_detainer,408,2456829.17,6021.64012254902,3241.93,12093.17,47828.29,86244.25
2007,writ_or_mandate,354,16179014.34,45703.43033898305,7052.36,67724.49,831248.54,2317405.73
2008,civil_general,3996,186474930.73,46665.398080580584,6088.03,35352.89,597446.50,22438826.00
2008,probate,2,1575692.89,787846.445,787846.44,1229569.28,1328956.92,1340000.00
2008,small_claims,1525,3661792.55,2401.175442622951,1800.00,5205.53,7634.38,9966.54
2008,unlawful_detainer,464,3491627.12,7525.058448275862,3211.34,13888.50,70119.66,317325.34
2008,writ_or_mandate,607,24874977.92,40980.19426688633,8781.45,45894.20,969615.24,2355482.70
2009,civil_general,3565,161973249.57,45434.29160448808,6530.80,46125.07,639270.19,21341973.22
2009,probate,1,110000.00,110000.0,110000.00,110000.00,110000.00,110000.00
2009,small_claims,1698,4279502.52,2520.3195053003533,1887.87,5504.48,7651.10,9453.80
2009,unlawful_detainer,321,3615212.30,11262.343613707166,4100.00,22093.36,118019.37,346489.00
2009,writ_or_mandate,411,168320347.41,409538.5581751825,9660.40,205735.00,9564916.85,32520620.87
2010,civil_general,3081,306168722.65,99373.16541707238,8306.07,44990.00,870973.35,88650000.00
2010,probate,3,1197124.41,399041.47,463552.90,627567.78,664471.13,668571.51
2010,small_claims,1903,4631214.26,2433.6386022070415,1940.00,5128.04,7650.00,12162.54
2010,unlawful_detainer,304,3780147.73,12434.696480263157,3929.50,19296.13,155450.61,621483.73
2010,writ_or_mandate,389,70622564.70,181549.00951156812,9199.18,100987.22,2519564.85,24016604.00
2011,civil_general,2353,161703452.47,68722.2492435189,7865.01,44737.59,970246.65,25000000.00
2011,small_claims,1437,4050397.42,2818.648169798191,2217.44,6250.00,7685.00,11747.24
2011,unlawful_detainer,249,4414646.46,17729.503855421688,4312.00,28305.81,334945.92,575824.00
2011,writ_or_mandate,432,38206142.28,88440.14416666667,8362.03,74126.20,1661131.83,8790668.56
2012,civil_general,2235,157017035.17,70253.70701118569,7659.22,33620.65,571068.73,32461026.73
2012,small_claims,1281,3612990.50,2820.445355191257,2075.00,6555.00,10117.00,11075.00
2012,unlawful_detainer,191,1979550.23,10364.137329842932,3731.00,15111.78,87952.75,574520.00
2012,writ_or_mandate,490,54438100.81,111098.16491836734,8459.50,81888.60,3246045.88,13645976.93
2013,civil_general,3027,216335022.85,71468.45815989429,7530.10,33906.84,809844.49,67351100.58
2013,probate,2,577248.27,288624.135,288624.13,500184.56,547785.65,553074.67
2013,small_claims,1289,3882679.98,3012.164453064391,2329.70,6920.40,10165.00,14018.20
2013,unlawful_detainer,150,1328479.34,8856.528933333333,3812.25,20482.33,90938.88,141651.20
2013,writ_or_mandate,334,173628067.74,519844.5141916168,10219.90,102311.24,2661994.00,144439820.00
2014,civil_general,1874,88569762.63,47262.413356456775,7628.11,51334.35,751905.13,9022209.63
2014,small_claims,1147,3470598.62,3025.8052484742807,2490.05,6152.77,10150.00,13460.69
2014,unlawful_detainer,119,1418837.74,11923.006218487395,3040.00,22961.71,123451.85,158768.22
2014,writ_or_mandate,286,49954115.98,174664.7411888112,12257.00,129384.39,1437721.58,27098192.97
2015,civil_general,1392,342276915.02,245888.5883764368,10547.33,74815.44,2653680.68,139202362.06
2015,small_claims,1078,3431663.01,3183.3608627087197,2550.00,6945.35,10176.03,16035.46
2015,unlawful_detainer,99,1619256.62,16356.127474747474,4244.00,25000.00,65593.40,717847.00
2015,writ_or_mandate,300,526362878.63,1754542.9287666667,11650.18,92296.75,1987422.09,505093892.18
2016,civil_general,1500,206858621.64,137905.74776,10014.91,80323.35,2206747.21,20539848.00
2016,probate,1,15482.00,15482.0,15482.00,15482.00,15482.00,15482.00
2016,small_claims,1103,3324333.45,3013.901586582049,2295.00,6866.80,10224.80,14995.72
2016,unlawful_detainer,159,1772845.20,11149.969811320754,5280.00,25000.00,105141.99,115105.51
2016,writ_or_mandate,238,262041182.80,1101013.3731092438,14300.85,233730.74,6465330.26,213254195.73
2017,civil_general,1750,334378206.51,191073.26086285713,8124.47,73682.01,2549745.01,41359724.00
2017,probate,1,24903.78,24903.78,24903.78,24903.78,24903.78,24903.78
2017,small_claims,1074,3540802.54,3296.836629422719,2592.50,7590.00,10650.86,15437.27
2017,unlawful_detainer,147,1610568.30,10956.24693877551,7245.88,23589.78,74917.21,102236.02
2017,writ_or_mandate,267,49561122.52,185622.18172284644,16755.96,128520.70,986303.34,21823329.30
2018,civil_general,2042,679539864.69,332781.52041625854,8555.16,89995.99,10272962.83,66600291.84
2018,small_claims,1097,3476210.85,3168.8339562443025,2526.28,7041.68,12885.33,16337.43
2018,unlawful_detainer,91,1081741.33,11887.267362637363,6965.32,24738.80,84803.59,133373.00
2018,writ_or_mandate,224,20058413.13,89546.4871875,16499.52,214324.41,1271498.18,2292511.60
2019,civil_general,2622,341596859.71,130281.02963768116,7250.28,38474.05,1657702.02,61978014.72
2019,probate,3,377865.80,125955.26666666666,22168.86,284433.77,343443.37,350000.00
2019,small_claims,1293,4067895.15,3146.09060324826,2590.00,7090.00,11398.10,17427.03
2019,unlawful_detainer,73,1144292.31,15675.23712328767,8303.02,26079.30,134844.12,238025.81
2019,writ_or_mandate,243,48231217.92,198482.37827160495,19774.47,191292.00,2074117.22,13958579.44
2020,civil_general,1828,133539763.51,73052.3870404814,7386.39,43752.46,1000804.13,21026190.82
2020,probate,1,2618586.18,2618586.18,2618586.18,2618586.18,2618586.18,2618586.18
2020,small_claims,495,1745853.28,3526.976323232323,2600.00,8652.44,15063.72,23013.48
2020,unlawful_detainer,14,501161.96,35797.282857142854,9887.37,69058.98,176508.83,192238.05
2020,writ_or_mandate,158,243977604.39,1544162.0531012658,19680.78,187293.97,23524565.95,179047998.64
2021,civil_general,1902,156865936.07,82474.20403259726,8569.39,43335.82,1299434.13,17918675.14
2021,small_claims,534,2116087.20,3962.7101123595507,3090.00,9437.95,11653.65,15287.76
2021,unlawful_detainer,2,259342.56,129671.28,129671.28,170410.25,179576.52,180595.00
2021,writ_or_mandate,162,84879102.98,523945.0801234568,18676.56,233622.21,12351751.22,39847176.40
2022,civil_general,2514,233668441.44,92946.87408114558,8133.15,36742.12,1367142.94,39125347.19
2022,small_claims,414,1640624.27,3962.8605555555555,3051.40,9398.77,16626.49,19142.00
2022,unlawful_detainer,18,1398149.49,77674.97166666666,46079.26,228564.20,282900.33,287120.56
2022,writ_or_mandate,112,30445945.48,271838.79892857146,26508.65,419215.62,5930437.25,8163980.44
2023,civil_general,2057,473556104.53,230216.8714292659,8127.25,47489.03,1064476.61,325000000.00
2023,small_claims,474,2047909.88,4320.484978902954,3255.83,10000.00,11150.22,19398.67
2023,unlawful_detainer,19,1921699.02,101142.05368421052,43054.03,231254.98,547332.24,609803.57
2023,writ_or_mandate,265,42756085.73,161343.71973584907,18878.29,163830.85,2192593.39,12721056.99
2024,civil_general,1996,215890447.35,108161.54676853707,8413.68,55311.39,2099029.92,13773947.07
2024,small_claims,589,2490232.97,4227.899779286927,2858.19,9887.28,12825.00,52657.15
2024,unlawful_detainer,38,2142253.73,56375.09815789474,20989.13,105082.90,606539.87,866935.05
2024,writ_or_mandate,195,24778058.24,127066.96533333333,21946.14,331368.35,1640166.17,3894063.62
2025,civil_general,1577,270802397.43,171719.97300570703,8397.02,83982.74,3002513.29,23939842.57
2025,small_claims,686,3229647.80,4707.94139941691,3470.00,11540.50,12745.24,20782.51
2025,unlawful_detainer,22,1022036.48,46456.203636363636,38866.97,102763.36,126694.48,130241.10
2025,writ_or_mandate,344,58064722.77,168792.79875,22338.18,215017.13,3376608.28,8433955.08
2026,civil_general,895,146598424.67,163797.12253631285,8831.25,60061.53,2465735.71,31921776.70
2026,small_claims,384,1628246.12,4240.224270833333,3096.02,10625.43,12696.70,20208.10
2026,unlawful_detainer,16,342820.70,21426.29375,11240.50,33548.31,100913.88,111832.17
2026,writ_or_mandate,152,21702689.01,142780.84875,19789.01,173874.13,2604733.04,5937716.65
