initial_judgment_year,case_model,judgment_count,total_amount,mean_amount,median_amount,p90_amount,p99_amount,max_amount
1930,civil_general,1,92003.22,92003.22,92003.22,92003.22,92003.22,92003.22
1980,civil_general,1,5412.19,5412.19,5412.19,5412.19,5412.19,5412.19
1982,small_claims,2,4476.09,2238.045,2238.04,2783.33,2906.02,2919.66
1983,small_claims,4,8953.31,2238.3275,2255.51,3045.15,3066.03,3068.35
1984,small_claims,6,14002.55,2333.758333333333,2704.67,3054.11,3072.21,3074.23
1985,small_claims,11,17288.72,1571.7018181818182,1527.00,3026.00,3027.29,3027.44
1986,civil_general,1,6589.09,6589.09,6589.09,6589.09,6589.09,6589.09
1986,small_claims,12,10034.85,836.2375,788.61,1513.50,1519.45,1520.00
1987,civil_general,4,76080.58,19020.145,5915.79,45743.55,60598.45,62249.00
1987,small_claims,15,12867.15,857.81,769.91,1528.00,1533.23,1533.44
1987,writ_or_mandate,1,36596.56,36596.56,36596.56,36596.56,36596.56,36596.56
1988,civil_general,2,3798.39,1899.195,1899.19,3293.95,3607.77,3642.64
1988,small_claims,12,12044.04,1003.67,868.02,1541.00,2875.22,3040.00
1989,civil_general,2,174977.46,87488.73,87488.73,149720.77,163722.97,165278.78
1989,family_multi_order,1,46500.00,46500.0,46500.00,46500.00,46500.00,46500.00
1989,small_claims,39,41678.89,1068.6894871794873,862.50,2016.00,2328.11,2475.90
1990,civil_general,2,166384.64,83192.32,83192.32,87863.32,88914.29,89031.07
1990,small_claims,201,223766.44,1113.2658706467662,1031.70,2010.25,2108.00,5186.00
1991,civil_general,4,476259.34,119064.835,101956.02,232991.21,252211.69,254347.30
1991,small_claims,5609,7229901.68,1288.9822927438047,898.15,2758.07,5028.00,5583.00
1992,civil_general,546,4483825.57,8212.134743589744,2487.31,11787.05,84893.65,1150895.01
1992,small_claims,5673,8250702.89,1454.3809078089193,1018.00,3337.00,5043.00,6407.65
1992,unlawful_detainer,57,295855.75,5190.451754385965,3197.20,8496.14,29696.43,35199.62
1992,writ_or_mandate,18,35353.69,1964.0938888888888,1777.54,3840.15,4093.46,4107.02
1993,civil_general,2875,15258727.24,5307.383387826087,3146.14,12832.36,25290.84,220102.21
1993,small_claims,4914,7246712.26,1474.7074196174196,1034.08,3445.00,5040.00,6015.00
1993,unlawful_detainer,1146,3453577.33,3013.5927835951134,2000.00,6090.49,22618.73,27825.00
1993,writ_or_mandate,1,11000.00,11000.0,11000.00,11000.00,11000.00,11000.00
1994,civil_general,3415,19512686.82,5713.817516837482,3330.67,13459.43,27126.98,658404.58
1994,family_multi_order,1,13834.00,13834.0,13834.00,13834.00,13834.00,13834.00
1994,small_claims,4618,7124661.39,1542.802379818103,1044.50,3803.15,5056.07,6795.00
1994,unlawful_detainer,1261,3714546.43,2945.7148532910387,1962.50,5800.00,18795.60,26460.00
1995,civil_general,3256,19276485.62,5920.296566339066,3356.79,13033.13,25854.73,1733825.72
1995,family_multi_order,1,3528.00,3528.0,3528.00,3528.00,3528.00,3528.00
1995,small_claims,3812,6198449.03,1626.0359470094438,1145.00,4015.00,5163.34,5680.00
1995,unlawful_detainer,1249,3829047.40,3065.690472377902,1944.50,6178.02,20180.44,50936.50
1996,civil_general,3330,18470938.76,5546.8284564564565,3626.52,12770.46,25262.49,132158.98
1996,small_claims,3534,5603843.41,1585.6942303338992,1100.00,3884.04,5065.00,7021.00
1996,unlawful_detainer,1038,3207611.05,3090.1840558766858,2079.08,6298.61,20122.89,54342.08
1997,civil_general,2825,16503315.22,5841.88149380531,3839.58,13538.30,25957.77,61292.49
1997,family_multi_order,1,500.00,500.0,500.00,500.00,500.00,500.00
1997,small_claims,3437,5240271.06,1524.6642595286587,1120.00,3523.40,5050.00,5771.00
1997,unlawful_detainer,1044,3535206.14,3386.212777777778,1946.59,6740.69,25698.28,61929.86
1998,civil_general,2754,18478111.86,6709.554052287582,4172.47,15215.80,28265.64,303050.22
1998,small_claims,2788,4670990.49,1675.3911370157819,1233.13,3986.17,5055.00,8193.50
1998,unlawful_detainer,914,3042702.53,3328.996203501094,2130.86,6981.40,20095.14,75093.00
1999,civil_general,2699,20588268.22,7628.109751759911,4449.06,13911.74,27397.96,2821501.43
1999,small_claims,2488,4319282.99,1736.0462178456592,1280.45,4020.00,5059.13,8076.20
1999,unknown,1,7900.00,7900.0,7900.00,7900.00,7900.00,7900.00
1999,unlawful_detainer,657,2391334.78,3639.77896499239,2200.00,7498.21,22544.43,86037.50
2000,civil_general,2737,16380995.02,5985.018275484107,4089.00,12624.19,25482.38,307249.04
2000,small_claims,2228,4386809.02,1968.944802513465,1526.00,4695.00,5078.92,6434.61
2000,unlawful_detainer,555,2269208.64,4088.664216216216,2285.37,9353.79,27125.58,50803.62
2001,civil_general,2555,49943864.75,19547.500880626223,3880.64,15619.47,137864.65,12491035.64
2001,family_multi_order,1,4620.00,4620.0,4620.00,4620.00,4620.00,4620.00
2001,small_claims,2383,5022424.30,2107.60566512799,1640.00,5020.00,5095.00,10090.00
2001,unknown,1,8500.00,8500.0,8500.00,8500.00,8500.00,8500.00
2001,unlawful_detainer,497,2676749.50,5385.813883299798,2750.00,9277.54,47333.99,204144.62
2001,writ_or_mandate,306,2939220.84,9605.296862745097,1392.45,9541.62,246748.36,703346.10
2002,civil_general,1892,73694113.42,38950.37707188161,6138.99,35000.00,590272.45,5500000.00
2002,small_claims,2556,4817736.03,1884.873251173709,1432.68,4550.85,5090.00,8892.00
2002,unlawful_detainer,523,5983217.45,11440.186328871892,2749.80,14581.40,110242.31,1727846.83
2002,writ_or_mandate,1218,47275311.00,38813.8842364532,1602.51,17762.34,340217.01,12662936.68
2003,civil_general,2090,199493550.31,95451.4594784689,5485.42,26534.31,440442.99,123917897.01
2003,small_claims,2419,4967709.82,2053.6212567176517,1515.21,4826.24,5130.20,251107.00
2003,unlawful_detainer,511,5126134.28,10031.573933463796,3116.61,11923.30,106866.01,775024.00
2003,writ_or_mandate,1045,65574014.15,62750.25277511962,1609.79,20195.99,825172.62,14779648.00
2004,civil_general,2654,63203751.59,23814.525844009044,5813.94,19115.19,204187.48,12287234.00
2004,probate,1,235692.89,235692.89,235692.89,235692.89,235692.89,235692.89
2004,small_claims,2241,4244606.35,1894.0679830432844,1372.00,4736.76,5099.40,10112.70
2004,unlawful_detainer,511,4837902.54,9467.51964774951,2891.44,13451.30,161232.65,496020.50
2004,writ_or_mandate,416,36587549.38,87950.83985576923,9665.14,88019.81,1979431.15,8236126.60
2005,civil_general,2643,47837905.13,18099.850597805525,5861.82,18874.22,175321.73,4953876.74
2005,small_claims,2041,3986407.75,1953.1640127388534,1462.69,4891.99,5187.99,10096.15
2005,unlawful_detainer,457,6160146.41,13479.53262582057,2840.18,12680.78,81391.91,2393858.66
2005,writ_or_mandate,415,79716433.01,192087.79038554218,7775.49,70948.84,2104378.74,26908290.18
2006,civil_general,3011,122030777.47,40528.32197608768,5684.55,19075.62,168268.84,28968713.12
2006,small_claims,1779,4055464.34,2279.6314446318156,1680.00,5071.09,7626.10,10067.50
2006,unlawful_detainer,398,2309353.89,5802.396708542714,3034.96,11443.50,63470.84,111942.34
2006,writ_or_mandate,366,44936312.32,122776.80961748635,6901.32,53004.71,765160.08,30130784.00
2007,civil_general,3399,76464307.41,22496.118684907327,5646.99,23604.03,255417.21,6600000.00
2007,probate,2,4501025.02,2250512.51,2250512.51,3710922.51,4039514.76,4076025.02
2007,small_claims,1737,3941910.36,2269.378445595855,1660.00,5060.00,7628.20,10681.00
2007,unlawful_detainer,377,2288352.63,6069.900875331565,3340.20,12266.10,54544.13,86244.25
2007,writ_or_mandate,398,18186445.34,45694.586281407035,7026.61,54012.91,1192988.60,2317405.73
2008,civil_general,4027,115393435.62,28654.9380730072,5908.93,28456.64,338431.99,22438826.00
2008,probate,1,1340000.00,1340000.0,1340000.00,1340000.00,1340000.00,1340000.00
2008,small_claims,1461,3446974.15,2359.3252224503763,1810.00,5130.00,7631.60,9075.00
2008,unlawful_detainer,441,3688806.97,8364.641655328798,3283.30,15000.00,85338.69,317325.34
2008,writ_or_mandate,641,24836043.06,38745.77700468019,8713.36,45842.53,632769.30,2355482.70
2009,civil_general,3774,226312404.60,59966.19093799682,6149.00,39895.20,531193.08,88650000.00
2009,probate,1,110000.00,110000.0,110000.00,110000.00,110000.00,110000.00
2009,small_claims,1666,4220686.51,2533.425276110444,1928.37,5529.42,7654.67,9453.80
2009,unlawful_detainer,262,3093309.99,11806.526679389313,3828.80,21690.15,142344.36,346489.00
2009,writ_or_mandate,440,104216317.60,236855.26727272727,9050.39,119413.99,7455818.71,19127321.25
2010,civil_general,3055,130238981.13,42631.417718494275,7934.34,35567.01,580275.15,7000000.00
2010,probate,1,65000.00,65000.0,65000.00,65000.00,65000.00,65000.00
2010,small_claims,1636,4101050.43,2506.7545415647924,1935.47,5179.50,7673.25,9515.00
2010,unlawful_detainer,263,4491027.89,17076.151673003802,3950.00,20717.40,382177.82,621483.73
2010,writ_or_mandate,423,60702581.53,143504.9208747045,8375.83,82916.41,1834162.06,24016604.00
2011,civil_general,2450,128686974.95,52525.295897959186,7335.94,27960.28,405788.14,25000000.00
2011,small_claims,1329,3637082.72,2736.70633559067,2155.00,6012.08,7675.00,11747.24
2011,unlawful_detainer,210,2673488.10,12730.895714285714,4008.51,21760.69,152646.20,575824.00
2011,writ_or_mandate,454,34675351.58,76377.4263876652,8164.86,73607.53,1197604.05,8790668.56
2012,civil_general,2411,132482611.16,54949.23731231854,7549.47,27805.94,404718.22,20000000.00
2012,small_claims,1171,3283084.87,2803.6591545687447,2088.00,6383.85,10130.00,14018.20
2012,unlawful_detainer,182,2082128.19,11440.26478021978,3785.00,16250.16,92644.02,574520.00
2012,writ_or_mandate,441,48862152.75,110798.53231292516,9993.09,89185.43,2490417.18,13645976.93
2013,civil_general,2852,93542117.21,32798.77882538569,7013.86,26896.89,419595.87,7612865.73
2013,probate,1,553074.67,553074.67,553074.67,553074.67,553074.67,553074.67
2013,small_claims,1211,3475268.19,2869.7507762180016,2256.25,5925.00,10165.00,10670.00
2013,unlawful_detainer,123,1193866.30,9706.230081300813,3795.00,15750.63,133697.87,158768.22
2013,writ_or_mandate,348,52199279.72,149997.93022988507,10759.94,102376.94,2462414.04,22000000.00
2014,civil_general,1644,65405137.01,39784.14659975669,6379.39,38399.92,467900.56,10000000.00
2014,small_claims,1087,3197004.51,2941.126504139834,2463.23,5823.50,10141.40,11580.00
2014,unlawful_detainer,111,990954.89,8927.52153153153,3039.90,19051.85,89676.12,119695.00
2014,writ_or_mandate,288,50276392.21,174570.80628472223,12257.00,135650.38,1430151.62,27098192.97
2015,civil_general,954,75901164.03,79560.96858490566,8973.12,63326.34,1432339.06,10323227.75
2015,small_claims,1021,3175413.30,3110.101175318315,2560.99,6328.83,10165.00,10475.00
2015,unlawful_detainer,84,773764.37,9211.480595238096,4390.74,20855.03,46621.78,115105.51
2015,writ_or_mandate,296,518442422.89,1751494.6719256756,9890.16,88502.84,1031793.70,505093892.18
2016,civil_general,913,100604038.59,110190.62277108434,7722.23,63387.38,1304192.15,20136153.39
2016,small_claims,1058,3105525.72,2935.2795085066164,2178.00,6508.83,10173.57,10765.00
2016,unlawful_detainer,150,1586060.31,10573.7354,5688.50,25000.00,85698.96,101667.10
2016,writ_or_mandate,208,251268994.19,1208024.0105288462,12815.95,180097.14,7855663.44,213254195.73
2017,civil_general,1146,120229168.95,104912.01479057592,6986.04,61126.57,1107327.19,31921776.70
2017,small_claims,977,3021455.46,3092.5849129989765,2516.38,7104.00,10155.14,10425.00
2017,unlawful_detainer,109,1116493.83,10243.062660550459,6266.37,20204.49,46751.05,56960.51
2017,writ_or_mandate,206,46738803.65,226887.3963592233,16755.96,143072.31,1484686.51,21823329.30
2018,civil_general,1337,118254595.08,88447.7150934929,6704.52,52437.49,927918.08,23500000.00
2018,small_claims,980,2777290.95,2833.970357142857,2364.16,5744.15,10161.70,10525.00
2018,unlawful_detainer,76,879855.45,11577.045394736842,7850.23,25498.12,66281.76,79407.00
2018,writ_or_mandate,172,16897431.59,98240.8813372093,16432.25,210804.61,1520305.95,2292511.60
2019,civil_general,1938,80574818.18,41576.27357069143,6716.53,33054.85,735964.21,8793979.82
2019,probate,1,350000.00,350000.0,350000.00,350000.00,350000.00,350000.00
2019,small_claims,1170,3428276.85,2930.1511538461536,2549.81,6045.45,10120.88,10275.00
2019,unlawful_detainer,54,883000.89,16351.868333333334,7776.21,25525.49,185147.16,287120.56
2019,writ_or_mandate,198,44679662.96,225654.86343434342,21191.45,202173.39,2656334.96,13958579.44
2020,civil_general,1362,67295498.26,49409.323245227606,6778.87,34731.52,820391.99,7587056.86
2020,small_claims,398,1146127.32,2879.7168844221105,2500.00,6748.53,10141.79,10235.00
2020,unlawful_detainer,11,489632.05,44512.00454545455,8340.00,180595.00,191073.74,192238.05
2020,writ_or_mandate,111,235129155.44,2118280.67963964,20370.00,185490.70,43437960.96,179047998.64
2021,civil_general,1551,54235483.40,34968.074403610575,7317.89,26821.72,555278.67,6740937.85
2021,small_claims,459,1652245.48,3599.6633551198256,2825.00,7615.00,10172.10,10300.00
2021,unlawful_detainer,3,218884.13,72961.37666666666,72972.30,115323.92,124853.03,125911.83
2021,writ_or_mandate,101,40715340.57,403122.18386138615,21143.51,250634.70,2639235.77,27543121.55
2022,civil_general,1729,111149491.88,64285.4204048583,6717.32,26392.81,1576774.53,8927931.44
2022,small_claims,336,1168460.08,3477.559761904762,2674.03,8059.65,10262.29,11804.55
2022,unlawful_detainer,13,1159366.31,89182.02384615384,68787.59,201197.28,256513.18,262295.73
2022,writ_or_mandate,72,32471811.65,450997.38402777776,29434.19,721458.62,6822899.78,8163980.44
2023,civil_general,1403,58507393.63,41701.634803991445,7275.56,36270.84,910894.73,5800000.00
2023,small_claims,413,1638140.97,3966.4430266343825,3075.00,9115.00,10235.24,14920.00
2023,unlawful_detainer,30,1348267.97,44942.265666666666,14606.71,163604.70,251327.08,262740.63
2023,writ_or_mandate,231,38826773.08,168081.26874458874,17677.60,157395.08,2458481.94,12721056.99
2024,civil_general,1789,95472178.69,53366.22621017328,7429.48,33588.68,891793.94,10000000.00
2024,small_claims,508,2022316.94,3980.9388582677166,2787.00,9590.00,12679.65,12825.00
2024,unlawful_detainer,31,1713325.08,55268.55096774193,12919.22,68849.42,649297.66,866935.05
2024,writ_or_mandate,166,17567808.05,105830.16897590361,20778.17,291518.76,1301027.01,2395439.56
2025,civil_general,1506,76752113.40,50964.2187250996,7682.49,30304.16,981813.63,10368075.42
2025,small_claims,588,2627656.85,4468.804166666667,3076.94,11501.50,12700.65,13761.20
2025,unlawful_detainer,15,620356.38,41357.092,29093.25,82340.32,123756.41,130241.10
2025,writ_or_mandate,312,42159189.80,135125.60833333334,21853.35,171120.86,1868296.43,8433955.08
2026,civil_general,439,26715668.13,60855.73605922551,8755.39,30055.06,328501.11,17402883.21
2026,small_claims,335,1342215.89,4006.6145970149255,2850.00,10767.40,12678.20,12925.00
2026,unlawful_detainer,3,178176.82,59392.27333333333,39043.62,97274.46,110376.39,111832.17
2026,writ_or_mandate,131,19816507.22,151271.04748091602,20962.11,175426.32,3115085.11,5937716.65
