renewal_year,judgment_count,total_amount,mean_amount,median_amount,p75_amount,p90_amount,p95_amount,p99_amount,max_amount,fallback_year_count,review_required_count,mean_to_median_ratio,total_to_median_baseline_ratio,top10_share,top5_share,top1_share,largest_share,excluding_top1pct_total,excluding_largest_total,excluding_largest5_total,excluding_largest10_total
1989,1,404.00,404.0,404.00,404.00,404.00,404.00,404.00,404.00,0,0,1.0,1.0,1.0,1.0,1.0,1.0,0.00,0.00,0.00,0.00
1992,16,115607.54,7225.47125,6035.57,9188.65,14133.53,17664.17,22749.17,24020.42,0,0,1.1971481152567198,1.1971481152567198,0.3422427291507111,0.20777554820386282,0.20777554820386282,0.20777554820386282,91587.12,91587.12,44058.56,10873.97
1993,60,382219.69,6370.328166666666,4442.07,8999.40,15048.10,17622.51,22572.28,25150.10,0,0,1.434090000082544,1.434090000082544,0.2930878835676938,0.1666370196679297,0.06580011615832769,0.06580011615832769,357069.59,357069.59,285550.80,214199.93
1994,54,370072.22,6853.189259259259,4299.76,8598.07,16380.85,17455.67,27316.09,29997.00,0,0,1.5938539033014072,1.5938539033014072,0.334326824099361,0.1957016389935997,0.08105715149329502,0.08105715149329502,340075.22,340075.22,263086.51,187183.14
1995,75,524349.91,6991.332133333333,4969.04,7786.50,17657.83,24591.11,30037.02,33857.07,0,0,1.4069784371494964,1.4069784371494964,0.38160633993433885,0.22171410308814585,0.06456961154050736,0.06456961154050736,490492.84,490492.84,384131.82,291821.94
1996,82,819734.75,9996.765243902439,5914.13,15248.53,23835.44,32193.63,46922.90,51829.53,0,1,1.6903188201650012,1.6903188201650015,0.38280143668424454,0.24905398972045528,0.06322719635833421,0.06322719635833421,767905.22,767905.22,615576.54,482414.71
1997,95,817056.34,8600.593052631579,5159.23,8970.53,24410.88,33038.73,38338.04,40606.63,0,0,1.6670303616298516,1.6670303616298516,0.40494059442706243,0.23136577093325045,0.04969869030084265,0.04969869030084265,776449.71,776449.71,628017.47,486197.06
1998,67,742483.10,11081.837313432836,6525.53,15985.16,28109.22,37115.59,43006.17,45177.32,0,1,1.6982279314374213,1.6982279314374211,0.34903494773147026,0.22017507199827174,0.06084626033912422,0.06084626033912422,697305.78,697305.78,543006.67,407136.44
1999,81,760674.53,9391.043580246913,4840.95,12086.00,23655.96,32920.08,43992.57,48894.85,0,0,1.9399174914524862,1.9399174914524864,0.3958004746129728,0.26221641731582623,0.06427827943706751,0.06427827943706751,711779.68,711779.68,561213.18,436323.39
2000,92,1016124.94,11044.836304347826,6080.31,12219.98,28492.39,39123.40,56758.60,61018.80,0,0,1.8164923012721104,1.8164923012721104,0.4252362411260175,0.2655547850247628,0.060050489460479146,0.060050489460479146,955106.14,955106.14,746288.10,584031.79
2001,96,881325.08,9180.469583333334,4945.60,14074.83,21773.14,28178.68,49480.30,51330.58,0,0,1.856290355737086,1.8562903557370862,0.369613968094497,0.233956044913643,0.05824250457050423,0.05824250457050423,829994.50,829994.50,675133.75,555575.02
2002,124,17313480.97,139624.84653225806,5684.86,16805.60,191575.38,499726.12,3511193.70,4592857.37,0,3,24.560824106883558,24.560824106883555,0.9199552318565318,0.8208957669822073,0.5014543184610669,0.26527636920376046,8631561.17,12720623.60,4202254.78,2068715.55
2003,214,40364433.29,188618.8471495327,7168.73,19961.33,126071.76,433085.64,1229997.86,22287057.00,0,5,26.311333688049725,26.311333688049725,0.9324533298805048,0.8638326803571977,0.7044759279958667,0.5521459161801601,11928661.69,18077376.29,9516529.09,5935677.69
2004,206,10750385.31,52186.33645631068,7861.78,18626.98,56122.27,141814.62,529581.66,4386620.32,0,9,6.6379797522076025,6.6379797522076025,0.8263857177041034,0.7628294227158263,0.5773010818716413,0.40804307878337803,4544176.24,6363764.99,3863719.82,2703684.58
2005,276,23175447.58,83969.0129710145,7125.51,17788.85,68835.87,161298.74,2016727.23,6918126.56,0,8,11.784281121072667,11.784281121072665,0.8864583926193154,0.8149735009346473,0.5297883135856141,0.29851102275885366,10897366.29,16257321.02,7356880.66,5107393.72
2006,226,16073210.07,71120.39853982301,8281.46,17001.44,45644.80,81997.74,390369.30,9769224.60,0,7,8.587905820932905,8.587905820932905,0.8712210503698096,0.8340562713742968,0.7439257695211595,0.6077954905992217,4115934.90,6303985.47,3495418.23,2845509.02
2007,234,8303211.23,35483.80867521367,8472.66,21473.10,85077.67,163509.99,401865.33,769792.00,0,11,4.188036422471063,4.188036422471063,0.6716575690439227,0.5041404914373111,0.19971256108824778,0.09271015498421807,6644955.65,7533419.23,5923922.63,4519439.57
2008,264,34379057.35,130223.70208333334,6951.74,13930.56,48964.15,252755.34,2353296.30,14883282.00,0,24,18.732533449659126,18.732533449659126,0.9389169889499602,0.9007755362437242,0.6023229909763653,0.43291710556455965,13671760.70,19495775.35,9726917.64,4577739.31
2009,202,68742641.53,340310.10658415843,10828.06,20641.24,83305.43,252640.23,4118437.94,31146984.33,0,16,31.42853905354777,31.428539053547766,0.9623735567555808,0.9398445407688423,0.8237964228547444,0.4530955406537168,12112699.34,37595657.20,8706187.47,4388263.94
2010,237,22562832.24,95201.82379746836,9114.85,16462.02,82931.32,208060.87,929350.02,11803853.80,0,10,10.444694514717012,10.44469451471701,0.8902055657884907,0.8141375659140212,0.6172888816373171,0.5231547916698955,8635046.76,10758978.44,7039788.39,4702893.45
2011,200,16874427.97,84372.13985,7922.63,19915.60,64246.02,259923.64,1862449.14,5400901.00,0,15,10.649511570021572,10.64951157002157,0.8754539031642209,0.7799759365709628,0.4487277028567624,0.3200642421539816,9302404.67,11473526.97,5612984.35,3712780.21
2012,245,10147079.48,41416.65093877551,7532.17,16593.87,73641.09,179312.66,599509.41,1925458.00,0,18,5.498634648285355,5.498634648285357,0.7744967914649664,0.6458599435352013,0.33354744453031526,0.18975489487345573,6762547.05,8221621.48,5732676.53,4218588.14
2013,327,109102157.43,333645.7413761468,10754.94,23009.88,82491.25,268610.71,1964223.75,67351100.58,0,41,31.022557204051978,31.02255720405198,0.9611271485376345,0.9397141481439539,0.852435982575968,0.6173214367755513,16099552.66,41751056.85,14234899.66,9146490.22
2014,330,15863445.47,48071.04687878788,12423.54,22284.78,58549.48,121015.89,908259.63,1816938.50,0,23,3.869351801401845,3.8693518014018453,0.7335508280345858,0.646562737546322,0.3737711748190603,0.1145361834184185,9934146.82,14046506.97,9043594.87,6764696.97
2015,387,223421502.51,577316.5439534883,14232.16,23518.96,53135.36,143269.21,3503786.38,139202362.06,0,37,40.564225244340165,40.564225244340165,0.9780402590848193,0.9700344190027084,0.9042656454293487,0.6230481869298571,21389113.34,84219140.45,17886289.27,9510132.93
2016,486,20635725.59,42460.34072016461,10827.25,19485.32,34688.52,62059.28,606853.97,4078997.61,0,28,3.921618205930833,3.921618205930833,0.7560079340054842,0.7020198464463105,0.5347431633490722,0.19766678870631366,9600912.41,16556727.98,9600912.41,7874240.07
2017,502,29486110.93,58737.272768924304,11254.24,23157.57,53247.72,122125.07,699960.66,10082761.58,0,54,5.2191238829920374,5.219123882992037,0.7941294681278607,0.7272966384380349,0.5354979945468177,0.34194952341922835,13696357.66,19403349.35,14396398.65,11460022.21
2018,670,84463528.63,126064.96810447761,12244.55,22841.17,46819.39,145487.55,695473.49,35404535.66,0,71,10.295598295117225,10.295598295117223,0.9060983990528788,0.8739696759931589,0.7808194047741385,0.41916950705543826,18512766.48,49058992.97,21306121.56,16848602.92
2019,659,50317607.27,76354.48751138088,10519.65,20751.19,45207.78,121620.29,1499122.48,14000029.93,0,66,7.258272614714452,7.2582726147144525,0.8582144732813325,0.808529703761488,0.5567646529707492,0.2782332207268328,22302542.12,36317577.34,25556681.04,18788697.45
2020,458,32980478.02,72009.77733624454,10092.94,20984.61,51470.27,170489.81,1381876.82,5009778.00,0,46,7.134668128042428,7.134668128042429,0.8416182022336862,0.7737580229893829,0.4808819135484441,0.1519013155892396,17120762.64,27970700.02,17120762.64,12637149.01
2021,539,103610320.71,192226.9400927644,10846.49,20519.86,54708.10,235691.01,2726315.18,39847176.40,0,55,17.722501942357795,17.72250194235779,0.9405084756251982,0.9136862266353659,0.8048658947153645,0.3845869419855404,20217907.23,63763144.31,23933080.73,16575205.05
2022,743,98156623.06,132108.51017496636,13248.80,24728.29,58866.31,108060.86,923634.62,39125347.19,0,177,9.971356664374612,9.97135666437461,0.8972209495855082,0.8679124278544633,0.781853042489948,0.39860119440013664,21412568.68,59031275.87,27555924.16,20092018.96
2023,442,39453492.77,89261.2958597285,12581.32,25849.47,54966.00,121775.58,1413994.48,9523287.67,0,78,7.094748075697026,7.0947480756970265,0.8486521932339427,0.8042532681448066,0.5883633850955498,0.24138009087097612,16240502.21,29930205.10,16240502.21,12313285.41
2024,219,23203532.65,105952.20388127853,11689.18,42465.36,243811.92,565139.24,1713582.09,3168963.92,0,32,9.064126301526585,9.064126301526585,0.7959503024208686,0.6166395800942837,0.29160079338177847,0.13657247660519486,16437364.12,20034568.73,13720833.24,9524962.02
2025,203,91400897.41,450250.72615763545,8665.80,39474.89,298234.26,2216083.22,6523171.22,23939842.57,0,25,51.95720258460101,51.95720258460101,0.9404125349495297,0.8524840453204912,0.5669756765903509,0.261921307649883,39578811.76,67461054.84,30268657.62,15702024.98
2026,118,30750584.40,260598.17288135595,7721.77,17158.57,122921.23,907880.73,7118548.97,7684609.24,0,9,33.74850233578,33.748502335779996,0.9488455806387862,0.8704478588706107,0.48670175159337786,0.24990124220208318,15784221.11,23065975.16,5063765.90,1897273.06
